Valeur,Affichage
0,335,Forme
1,704,704
2,569,569
3,291,Geste
4,-190,Forme
5,697,697
6,-337,-337
7,814,814
8,-205,Forme
9,330,GestForm
10,-808,-808
11,-772,-772
12,-650,Forme
13,-276,Geste
14,490,Forme
15,912,Geste
16,-139,-139
17,-529,-529
18,-741,Geste
19,-96,Geste
20,574,574
21,-399,Geste
22,926,926
23,-784,-784
24,-906,Geste
25,48,Geste
26,-904,-904
27,-795,GestForm
28,-355,Forme
29,-898,-898
30,933,Geste
31,-145,Forme
32,-637,-637
33,880,Forme
34,-107,-107
35,-176,-176
36,453,Geste
37,890,Forme
38,-907,-907
39,484,484
40,-616,-616
41,479,479
42,-36,Geste
43,-127,-127
44,128,128
45,-982,-982
46,219,Geste
47,-461,-461
48,-146,-146
49,18,Geste
50,433,433
51,-618,Geste
52,-405,GestForm
53,278,278
54,-813,Geste
55,91,91
56,-291,Geste
57,685,Forme
58,-289,-289
59,-935,Forme
60,-631,-631
61,-246,Geste
62,-705,GestForm
63,416,416
64,-278,-278
65,-140,Forme
66,692,692
67,-145,Forme
68,468,Geste
69,363,Geste
70,814,814
71,657,Geste
72,862,862
73,502,502
74,667,667
75,-438,Geste
76,485,Forme
77,-459,Geste
78,-246,Geste
79,600,GestForm
80,838,838
81,902,902
82,-458,-458
83,-390,GestForm
84,-718,-718
85,353,353
86,332,332
87,-16,-16
88,-277,-277
89,621,Geste
90,621,Geste
91,606,Geste
92,344,344
93,934,934
94,846,Geste
95,52,52
96,-816,Geste
97,-274,-274
98,-697,-697
99,556,556
100,226,226
101,757,757
102,-787,-787
103,-182,-182
104,891,Geste
105,651,Geste
106,-330,GestForm
107,333,Geste
108,688,688
109,51,Geste
110,-882,Geste
111,804,Geste
112,793,793
113,8,8
114,554,554
115,-510,GestForm
116,624,Geste
117,-750,GestForm
118,-659,-659
119,699,Geste
120,-397,-397
121,821,821
122,-629,-629
123,-769,-769
124,-842,-842
125,-112,-112
126,-750,GestForm
127,37,37
128,-990,GestForm
129,-837,Geste
130,902,902
131,-816,Geste
132,58,58
133,465,GestForm
134,-486,Geste
135,598,598
136,209,209
137,-745,Forme
138,-890,Forme
139,601,601
140,-127,-127
141,42,Geste
142,-587,-587
143,713,713
144,389,389
145,-280,Forme
146,957,Geste
147,839,839
148,667,667
149,122,122
150,191,191
151,848,848
152,-898,-898
153,601,601
154,354,Geste
155,-573,Geste
156,-643,-643
157,358,358
158,-417,Geste
159,112,112
160,312,Geste
161,-151,-151
162,-677,-677
163,796,796
164,-95,Forme
165,-237,Geste
166,390,GestForm
167,67,67
168,-264,Geste
169,-975,GestForm
170,-650,Forme
171,-575,Forme
172,-100,Forme
173,-785,Forme
174,-227,-227
175,130,Forme
176,191,191
177,-46,-46
178,-305,Forme
179,-471,Geste
180,-502,-502
181,-454,-454
182,794,794
183,-11,-11
184,-942,Geste
185,177,Geste
186,14,14
187,264,Geste
188,459,Geste
189,350,Forme
190,-988,-988
191,-254,-254
192,552,Geste
193,70,Forme
194,51,Geste
195,-377,-377
196,-36,Geste
197,614,614
198,374,374
199,88,88
200,475,Forme
201,-215,Forme
202,-847,-847
203,193,193
204,773,773
205,2,2
206,344,344
207,470,Forme
208,-506,-506
209,913,913
210,-860,Forme
211,-903,Geste
212,547,547
213,502,502
214,-170,Forme
215,244,244
216,480,GestForm
217,861,Geste
218,-336,Geste
219,-922,-922
220,-429,Geste
221,-800,Forme
222,689,689
223,-194,-194
224,126,Geste
225,-757,-757
226,-614,-614
227,424,424
228,848,848
229,371,371
230,205,Forme
231,-10,Forme
232,981,Geste
233,900,GestForm
234,-580,Forme
235,86,86
236,297,Geste
237,945,GestForm
238,923,923
239,723,Geste
240,666,Geste
241,362,362
242,542,542
243,-404,-404
244,-577,-577
245,937,937
246,256,256
247,-982,-982
248,541,541
249,454,454
250,750,GestForm
251,927,Geste
252,787,787
253,781,781
254,404,404
255,-96,Geste
256,867,Geste
257,-539,-539
258,649,649
259,322,322
260,253,253
261,-713,-713
262,-644,-644
263,-878,-878
264,-769,-769
265,161,161
266,531,Geste
267,-171,Geste
268,601,601
269,172,172
270,-619,-619
271,-268,-268
272,52,52
273,-881,-881
274,437,437
275,479,479
276,863,863
277,-247,-247
278,137,137
279,850,Forme
280,-485,Forme
281,885,GestForm
282,-24,Geste
283,-189,Geste
284,-570,GestForm
285,531,Geste
286,170,Forme
287,-507,Geste
288,-436,-436
289,762,Geste
290,872,872
291,-836,-836
292,-914,-914
293,497,497
294,609,Geste
295,103,103
296,-264,Geste
297,341,341
298,372,Geste
299,333,Geste
300,797,797
301,-814,-814
302,104,104
303,-390,GestForm
304,399,Geste
305,-218,-218
306,-366,Geste
307,-826,-826
308,-726,Geste
309,434,434
310,-324,Geste
311,-232,-232
312,430,Forme
313,-172,-172
314,20,Forme
315,48,Geste
316,623,623
317,-340,Forme
318,-838,-838
319,-819,Geste
320,947,947
321,-62,-62
322,-241,-241
323,584,584
324,-313,-313
325,477,Geste
326,-471,Geste
327,716,716
328,929,929
329,-853,-853
330,985,Forme
331,929,929
332,801,Geste
333,-631,-631
334,-51,Geste
335,565,Forme
336,509,509
337,900,GestForm
338,-80,Forme
339,488,488
340,-990,GestForm
341,-966,Geste
342,623,623
343,-867,Geste
344,255,GestForm
345,883,883
346,724,724
347,431,431
348,-631,-631
349,-499,-499
350,450,GestForm
351,-268,-268
352,7,7
353,734,734
354,-911,-911
355,-224,-224
356,-677,-677
357,-655,Forme
358,885,GestForm
359,-100,Forme
360,-514,-514
361,768,Geste
362,-401,-401
363,108,Geste
364,43,43
365,-95,Forme
366,328,328
367,17,17
368,344,344
369,182,182
370,153,Geste
371,-350,Forme
372,103,103
373,81,Geste
374,-722,-722
375,715,Forme
376,-333,Geste
377,-353,-353
378,-947,-947
379,-865,Forme
380,84,Geste
381,-60,GestForm
382,-332,-332
383,349,349
384,-122,-122
385,315,GestForm
386,-822,Geste
387,126,Geste
388,621,Geste
389,-952,-952
390,31,31
391,172,172
392,-371,-371
393,985,Forme
394,997,997
395,-716,-716
396,-315,GestForm
397,804,Geste
398,983,983
399,67,67
400,-310,Forme
401,-52,-52
402,-436,-436
403,624,Geste
404,-813,Geste
405,347,347
406,-272,-272
407,-208,-208
408,-735,GestForm
409,-539,-539
410,-805,Forme
411,186,Geste
412,-817,-817
413,-115,Forme
414,-341,-341
415,-584,-584
416,-797,-797
417,-694,-694
418,403,403
419,932,932
420,-536,-536
421,-617,-617
422,833,833
423,-765,GestForm
424,735,GestForm
425,-913,-913
426,585,GestForm
427,-100,Forme
428,817,817
429,-507,Geste
430,-616,-616
431,-725,Forme
432,-392,-392
433,706,706
434,157,157
435,-762,Geste
436,-563,-563
437,-324,Geste
438,415,Forme
439,459,Geste
440,-734,-734
441,177,Geste
442,893,893
443,497,497
444,-319,-319
445,-329,-329
446,-926,-926
447,152,152
448,318,Geste
449,-496,-496
450,349,349
451,-52,-52
452,263,263
453,-532,-532
454,122,122
455,-227,-227
456,184,184
457,-819,Geste
458,495,GestForm
459,816,Geste
460,855,GestForm
461,696,Geste
462,446,446
463,28,28
464,-72,Geste
465,-189,Geste
466,-835,Forme
467,344,344
468,533,533
469,-421,-421
470,313,313
471,-589,-589
472,-274,-274
473,-729,Geste
474,275,Forme
475,-351,Geste
476,62,62
477,-957,Geste
478,318,Geste
479,324,Geste
480,818,818
481,646,646
482,569,569
483,147,Geste
484,-304,-304
485,-583,-583
486,421,421
487,297,Geste
488,643,643
489,656,656
490,-344,-344
491,353,353
492,-784,-784
493,802,802
494,-880,Forme
495,-6,Geste
496,-310,Forme
497,-181,-181
498,-627,Geste
499,666,Geste
500,-231,Geste
501,823,823
502,38,38
503,728,728
504,123,Geste
505,-494,-494
506,970,Forme
507,-972,Geste
508,-165,GestForm
509,-623,-623
510,853,853
511,-142,-142
512,-679,-679
513,734,734
514,788,788
515,455,Forme
516,-26,-26
517,-610,Forme
518,-546,Geste
519,-434,-434
520,49,49
521,-720,GestForm
522,-641,-641
523,-753,Geste
524,-734,-734
525,110,Forme
526,746,746
527,-964,-964
528,-340,Forme
529,291,Geste
530,859,859
531,377,377
532,444,Geste
533,955,Forme
534,150,GestForm
535,91,91
536,314,314
537,-174,Geste
538,-229,-229
539,197,197
540,286,286
541,810,GestForm
542,179,179
543,724,724
544,535,Forme
545,-149,-149
546,-1,-1
547,403,403
548,191,191
549,-391,-391
550,-480,GestForm
551,-417,Geste
552,967,967
553,-358,-358
554,-359,-359
555,947,947
556,-917,-917
557,-767,-767
558,418,418
559,-549,Geste
560,148,148
561,-226,-226
562,500,Forme
563,-150,GestForm
564,894,Geste
565,-266,-266
566,-676,-676
567,-714,Geste
568,-22,-22
569,213,Geste
570,-522,Geste
571,-835,Forme
572,-943,-943
573,36,Geste
574,928,928
575,-465,GestForm
576,-269,-269
577,-898,-898
578,-626,-626
579,186,Geste
580,-787,-787
581,336,Geste
582,122,122
583,-953,-953
584,-480,GestForm
585,-323,-323
586,313,313
587,-611,-611
588,-397,-397
589,222,Geste
590,-689,-689
591,171,Geste
592,620,Forme
593,-6,Geste
594,265,Forme
595,-651,Geste
596,-451,-451
597,317,317
598,593,593
599,720,GestForm
600,683,683
601,797,797
602,-12,Geste
603,-588,Geste
604,-92,-92
605,-500,Forme
606,-176,-176
607,518,518
608,466,466
609,-858,Geste
610,584,584
611,-295,Forme
612,-553,-553
613,-875,Forme
614,-565,Forme
615,-144,Geste
616,753,Geste
617,195,GestForm
618,222,Geste
619,464,464
620,638,638
621,915,GestForm
622,-787,-787
623,944,944
624,-756,Geste
625,987,Geste
626,-264,Geste
627,276,Geste
628,-640,Forme
629,787,787
630,-442,-442
631,46,46
632,461,461
633,133,133
634,-957,Geste
635,-289,-289
636,231,Geste
637,-576,Geste
638,666,Geste
639,-116,-116
640,839,839
641,336,Geste
642,-556,-556
643,664,664
644,-44,-44
645,822,Geste
646,-830,Forme
647,-368,-368
648,195,GestForm
649,-946,-946
650,-105,GestForm
651,538,538
652,-438,Geste
653,-272,-272
654,-274,-274
655,-927,Geste
656,-829,-829
657,-409,-409
658,747,Geste
659,-13,-13
660,-592,-592
661,-472,-472
662,848,848
663,959,959
664,-256,-256
665,22,22
666,552,Geste
667,-90,GestForm
668,-912,Geste
669,848,848
670,-405,GestForm
671,709,709
672,-71,-71
673,197,197
674,368,368
675,-120,GestForm
676,-507,Geste
677,-75,GestForm
678,235,Forme
679,592,592
680,-560,Forme
681,668,668
682,-663,Geste
683,-560,Forme
684,-130,Forme
685,774,Geste
686,235,Forme
687,-568,-568
688,375,GestForm
689,200,Forme
690,-621,Geste
691,486,Geste
692,365,Forme
693,-546,Geste
694,-332,-332
695,207,Geste
696,-703,-703
697,93,Geste
698,-589,-589
699,307,307
700,225,GestForm
701,29,29
702,-203,-203
703,-643,-643
704,372,Geste
705,501,Geste
706,194,194
707,695,Forme
708,630,GestForm
709,-775,Forme
710,358,358
711,-201,Geste
712,203,203
713,-951,Geste
714,602,602
715,440,Forme
716,232,232
717,266,266
718,191,191
719,-184,-184
720,972,Geste
721,-665,Forme
722,-495,GestForm
723,-234,Geste
724,-513,Geste
725,-24,Geste
726,362,362
727,-131,-131
728,876,Geste
729,-849,Geste
730,-882,Geste
731,394,394
732,741,Geste
733,-598,-598
734,-523,-523
735,-329,-329
736,-412,-412
737,349,349
738,-945,GestForm
739,841,841
740,-705,GestForm
741,-49,-49
742,-214,-214
743,-927,Geste
744,501,Geste
745,615,GestForm
746,98,98
747,759,Geste
748,-376,-376
749,41,41
750,751,751
751,403,403
752,306,Geste
753,305,Forme
754,491,491
755,459,Geste
756,330,GestForm
757,351,Geste
758,-663,Geste
759,920,Forme
760,-920,Forme
761,-542,-542
762,640,Forme
763,-21,Geste
764,110,Forme
765,-363,Geste
766,-541,-541
767,309,Geste
768,557,557
769,626,626
770,602,602
771,-678,Geste
772,-146,-146
773,-678,Geste
774,349,349
775,842,842
776,699,Geste
777,-977,-977
778,-555,GestForm
779,305,Forme
780,-39,Geste
781,782,782
782,-500,Forme
783,-191,-191
784,-644,-644
785,237,Geste
786,-514,-514
787,678,Geste
788,-195,GestForm
789,930,GestForm
790,-247,-247
791,693,Geste
792,-563,-563
793,743,743
794,891,Geste
795,231,Geste
796,401,401
797,-94,-94
798,754,754
799,660,GestForm
800,307,307
801,244,244
802,-165,GestForm
803,207,Geste
804,-984,Geste
805,623,623
806,-513,Geste
807,432,Geste
808,-261,Geste
809,-162,Geste
810,-970,Forme
811,365,Forme
812,850,Forme
813,588,Geste
814,119,119
815,801,Geste
816,-538,-538
817,594,Geste
818,132,Geste
819,332,332
820,-734,-734
821,911,911
822,556,556
823,-445,Forme
824,-183,Geste
825,173,173
826,-776,-776
827,-43,-43
828,242,242
829,-353,-353
830,-466,-466
831,-796,-796
832,-225,GestForm
833,-395,Forme
834,170,Forme
835,-334,-334
836,869,869
837,441,Geste
838,348,Geste
839,-360,GestForm
840,-582,Geste
841,-278,-278
842,656,656
843,-507,Geste
844,-947,-947
845,-175,Forme
846,274,274
847,-941,-941
848,-200,Forme
849,-551,-551
850,526,526
851,907,907
852,-494,-494
853,-805,Forme
854,244,244
855,-214,-214
856,648,Geste
857,977,977
858,331,331
859,-668,-668
860,345,GestForm
861,87,Geste
862,367,367
863,797,797
864,187,187
865,-983,-983
866,-9,Geste
867,714,Geste
868,257,257
869,-595,Forme
870,777,Geste
871,-302,-302
872,-650,Forme
873,-134,-134
874,941,941
875,-867,Geste
876,417,Geste
877,463,463
878,-776,-776
879,295,Forme
880,-346,-346
881,-455,Forme
882,-883,-883
883,252,Geste
884,593,593
885,783,Geste
886,-87,Geste
887,481,481
888,-555,GestForm
889,-767,-767
890,660,GestForm
891,-39,Geste
892,-242,-242
893,-761,-761
894,779,779
895,-219,Geste
896,191,191
897,918,Geste
898,-392,-392
899,466,466
900,611,611
901,660,GestForm
902,-19,-19
903,642,Geste
904,772,772
905,-169,-169
906,258,Geste
907,-94,-94
908,-800,Forme
909,-667,-667
910,167,167
911,-308,-308
912,945,GestForm
913,-418,-418
914,-875,Forme
915,952,952
916,801,Geste
917,-748,-748
918,-306,Geste
919,978,Geste
920,237,Geste
921,-871,-871
922,-773,-773
923,-54,Geste
924,798,Geste
925,633,Geste
926,113,113
927,-648,Geste
928,-557,-557
929,-743,-743
930,-383,-383
931,-439,-439
932,-703,-703
933,767,767
934,-245,Forme
935,-796,-796
936,-52,-52
937,-395,Forme
938,719,719
939,-63,Geste
940,694,694
941,-576,Geste
942,36,Geste
943,-784,-784
944,-704,-704
945,485,Forme
946,-297,Geste
947,576,Geste
948,46,46
949,-240,GestForm
950,-319,-319
951,-362,-362
952,-262,-262
953,-426,Geste
954,877,877
955,326,326
956,219,Geste
957,894,Geste
958,536,536
959,790,Forme
960,497,497
961,110,Forme
962,586,586
963,-863,-863
964,703,703
965,277,277
966,-574,-574
967,231,Geste
968,300,GestForm
969,93,Geste
970,-130,Forme
971,-876,Geste
972,585,GestForm
973,-984,Geste
974,168,Geste
975,-455,Forme
976,805,Forme
977,983,983
978,-762,Geste
979,683,683
980,-562,-562
981,-394,-394
982,419,419
983,934,934
984,25,Forme
985,-840,GestForm
986,609,Geste
987,683,683
988,441,Geste
989,-529,-529
990,747,Geste
991,-160,Forme
992,644,644
993,-652,-652
994,235,Forme
995,-888,Geste
996,416,416
997,-84,Geste
998,-846,Geste
999,-685,Forme
1000,-798,Geste
1001,-391,-391
1002,-343,-343
1003,-893,-893
1004,888,Geste
1005,403,403
1006,-100,Forme
1007,670,Forme
1008,-762,Geste
1009,727,727
1010,641,641
1011,945,GestForm
1012,323,323
1013,-594,Geste
1014,426,Geste
1015,944,944
1016,234,Geste
1017,460,Forme
1018,455,Forme
1019,-5,Forme
1020,-730,Forme
1021,-562,-562
1022,-635,Forme
1023,-301,-301
1024,728,728
1025,538,538
1026,-160,Forme
1027,-764,-764
1028,115,Forme
1029,-326,-326
1030,189,Geste
1031,-928,-928
1032,-239,-239
1033,-641,-641
1034,379,379
1035,-883,-883
1036,-368,-368
1037,662,662
1038,462,Geste
1039,-566,-566
1040,-319,-319
1041,-298,-298
1042,-140,Forme
1043,-827,-827
1044,906,Geste
1045,-266,-266
1046,-61,-61
1047,73,73
1048,588,Geste
1049,-787,-787
1050,-616,-616
1051,-756,Geste
1052,-985,Forme
1053,-420,GestForm
1054,372,Geste
1055,-143,-143
1056,-983,-983
1057,-924,Geste
1058,355,Forme
1059,536,536
1060,675,GestForm
1061,-784,-784
1062,453,Geste
1063,180,GestForm
1064,-183,Geste
1065,-223,-223
1066,193,193
1067,263,263
1068,985,Forme
1069,-379,-379
1070,-799,-799
1071,-549,Geste
1072,513,Geste
1073,5,Forme
1074,652,652
1075,418,418
1076,-979,-979
1077,-430,Forme
1078,-331,-331
1079,-824,-824
1080,213,Geste
1081,296,296
1082,111,Geste
1083,708,Geste
1084,722,722
1085,676,676
1086,175,Forme
1087,471,Geste
1088,-138,Geste
1089,-178,-178
1090,-851,-851
1091,70,Forme
1092,377,377
1093,-631,-631
1094,-33,Geste
1095,447,Geste
1096,608,608
1097,251,251
1098,-764,-764
1099,941,941
1100,-379,-379
1101,392,392
1102,-140,Forme
1103,-850,Forme
1104,857,857
1105,574,574
1106,617,617
1107,-750,GestForm
1108,530,Forme
1109,812,812
1110,372,Geste
1111,-620,Forme
1112,692,692
1113,-903,Geste
1114,-57,Geste
1115,770,Forme
1116,-599,-599
1117,-108,Geste
1118,324,Geste
1119,-795,GestForm
1120,96,Geste
1121,246,Geste
1122,-442,-442
1123,276,Geste
1124,-158,-158
1125,664,664
1126,62,62
1127,-286,-286
1128,-695,Forme
1129,-79,-79
1130,-294,Geste
1131,-942,Geste
1132,453,Geste
1133,-678,Geste
1134,441,Geste
1135,57,Geste
1136,-712,-712
1137,-209,-209
1138,-145,Forme
1139,431,431
1140,-378,Geste
1141,-88,-88
1142,-989,-989
1143,-357,Geste
1144,972,Geste
1145,436,436
1146,444,Geste
1147,102,Geste
1148,-661,-661
1149,-585,GestForm
1150,278,278
1151,-387,Geste
1152,96,Geste
1153,-234,Geste
1154,603,Geste
1155,926,926
1156,-23,-23
1157,-643,-643
1158,-126,Geste
1159,-53,-53
1160,493,493
1161,-236,-236
1162,-520,Forme
1163,-697,-697
1164,-21,Geste
1165,-447,Geste
1166,262,262
1167,44,44
1168,-178,-178
1169,-452,-452
1170,236,236
1171,-794,-794
1172,-783,Geste
1173,-191,-191
1174,405,GestForm
1175,871,871
1176,-609,Geste
1177,-496,-496
1178,541,541
1179,353,353
1180,941,941
1181,-487,-487
1182,30,GestForm
1183,798,Geste
1184,-496,-496
1185,-143,-143
1186,64,64
1187,353,353
1188,154,154
1189,142,142
1190,-585,GestForm
1191,-598,-598
1192,87,Geste
1193,291,Geste
1194,-126,Geste
1195,551,551
1196,-237,Geste
1197,-10,Forme
1198,655,Forme
1199,111,Geste
1200,640,Forme
1201,-81,Geste
1202,3,Geste
1203,962,962
1204,922,922
1205,473,473
1206,731,731
1207,-685,Forme
1208,361,361
1209,-164,-164
1210,67,67
1211,30,GestForm
1212,631,631
1213,-116,-116
1214,-947,-947
1215,98,98
1216,-352,-352
1217,-828,Geste
1218,13,13
1219,-838,-838
1220,-279,Geste
1221,-495,GestForm
1222,473,473
1223,-708,Geste
1224,-696,Geste
1225,-533,-533
1226,858,Geste
1227,-749,-749
1228,-740,Forme
1229,639,Geste
1230,-929,-929
1231,694,694
1232,-223,-223
1233,-566,-566
1234,-844,-844
1235,981,Geste
1236,413,413
1237,124,124
1238,-912,Geste
1239,124,124
1240,-279,Geste
1241,-958,-958
1242,-999,Geste
1243,277,277
1244,-169,-169
1245,-395,Forme
1246,-165,GestForm
1247,-98,-98
1248,-744,Geste
1249,-333,Geste
1250,56,56
1251,198,Geste
1252,506,506
1253,671,671
1254,66,Geste
1255,-411,Geste
1256,-451,-451
1257,-852,Geste
1258,180,GestForm
1259,-645,GestForm
1260,-526,-526
1261,-562,-562
1262,-400,Forme
1263,175,Forme
1264,-271,-271
1265,-769,-769
1266,33,Geste
1267,729,Geste
1268,389,389
1269,-28,-28
1270,-602,-602
1271,940,Forme
1272,615,GestForm
1273,456,Geste
1274,-647,-647
1275,756,Geste
1276,-684,Geste
1277,512,512
1278,500,Forme
1279,519,Geste
1280,-716,-716
1281,481,481
1282,126,Geste
1283,745,Forme
1284,609,Geste
1285,-653,-653
1286,-343,-343
1287,-471,Geste
1288,504,Geste
1289,761,761
1290,462,Geste
1291,956,956
1292,-766,-766
1293,469,469
1294,-523,-523
1295,495,GestForm
1296,741,Geste
1297,510,GestForm
1298,-221,-221
1299,-175,Forme
1300,-65,Forme
1301,82,82
1302,-375,GestForm
1303,532,532
1304,992,992
1305,-502,-502
1306,952,952
1307,-578,-578
1308,-769,-769
1309,577,577
1310,923,923
1311,-654,Geste
1312,-287,-287
1313,-307,-307
1314,-606,Geste
1315,76,76
1316,593,593
1317,748,748
1318,-140,Forme
1319,616,616
1320,497,497
1321,343,343
1322,717,Geste
1323,110,Forme
1324,-619,-619
1325,-437,-437
1326,-648,Geste
1327,271,271
1328,-339,Geste
1329,255,GestForm
1330,870,GestForm
1331,-946,-946
1332,625,Forme
1333,-392,-392
1334,-723,Geste
1335,466,466
1336,260,Forme
1337,496,496
1338,-814,-814
1339,-93,Geste
1340,-171,Geste
1341,930,GestForm
1342,586,586
1343,127,127
1344,-317,-317
1345,947,947
1346,642,Geste
1347,-567,Geste
1348,-643,-643
1349,799,799
1350,-257,-257
1351,-21,Geste
1352,807,Geste
1353,483,Geste
1354,167,167
1355,-133,-133
1356,547,547
1357,999,Geste
1358,693,Geste
1359,-706,-706
1360,-811,-811
1361,-378,Geste
1362,-449,-449
1363,970,Forme
1364,-274,-274
1365,-598,-598
1366,-732,Geste
1367,-701,-701
1368,986,986
1369,-586,-586
1370,85,Forme
1371,-546,Geste
1372,440,Forme
1373,599,599
1374,994,994
1375,-543,Geste
1376,-892,-892
1377,-322,-322
1378,515,Forme
1379,450,GestForm
1380,-225,GestForm
1381,-37,-37
1382,-296,-296
1383,535,Forme
1384,956,956
1385,-49,-49
1386,508,508
1387,-212,-212
1388,33,Geste
1389,199,199
1390,770,Forme
1391,605,Forme
1392,-50,Forme
1393,947,947
1394,708,Geste
1395,-191,-191
1396,-663,Geste
1397,435,GestForm
1398,-78,Geste
1399,-832,-832
1400,743,743
1401,892,892
1402,-752,-752
1403,473,473
1404,-541,-541
1405,-114,Geste
1406,271,271
1407,357,Geste
1408,-390,GestForm
1409,741,Geste
1410,-637,-637
1411,502,502
1412,798,Geste
1413,-152,-152
1414,834,Geste
1415,-763,-763
1416,-115,Forme
1417,47,47
1418,-241,-241
1419,-317,-317
1420,-362,-362
1421,-806,-806
1422,-492,Geste
1423,618,Geste
1424,950,Forme
1425,-262,-262
1426,-485,Forme
1427,110,Forme
1428,41,41
1429,-27,Geste
1430,176,176
1431,36,Geste
1432,-925,Forme
1433,-903,Geste
1434,800,Forme
1435,570,GestForm
1436,-453,Geste
1437,-874,-874
1438,957,Geste
1439,884,884
1440,670,Forme
1441,-289,-289
1442,35,Forme
1443,885,GestForm
1444,370,Forme
1445,-755,Forme
1446,-776,-776
1447,369,Geste
1448,-883,-883
1449,542,542
1450,-57,Geste
1451,-761,-761
1452,-440,Forme
1453,213,Geste
1454,632,632
1455,-996,Geste
1456,483,Geste
1457,196,196
1458,707,707
1459,-626,-626
1460,-150,GestForm
1461,558,Geste
1462,200,Forme
1463,-542,-542
1464,366,Geste
1465,-677,-677
1466,-886,-886
1467,-622,-622
1468,-715,Forme
1469,146,146
1470,41,41
1471,-855,GestForm
1472,973,973
1473,-472,-472
1474,131,131
1475,-14,-14
1476,690,GestForm
1477,896,896
1478,14,14
1479,607,607
1480,814,814
1481,701,701
1482,518,518
1483,814,814
1484,-285,GestForm
1485,23,23
1486,-816,Geste
1487,585,GestForm
1488,-660,GestForm
1489,-811,-811
1490,-908,-908
1491,-939,Geste
1492,396,Geste
1493,-699,Geste
1494,-448,-448
1495,466,466
1496,-92,-92
1497,-896,-896
1498,52,52
1499,-608,-608
1500,-386,-386
1501,97,97
1502,793,793
1503,233,233
1504,-89,-89
1505,129,Geste
1506,223,223
1507,-514,-514
1508,-633,Geste
1509,835,Forme
1510,-683,-683
1511,-18,Geste
1512,-27,Geste
1513,-639,Geste
1514,615,GestForm
1515,210,GestForm
1516,-11,-11
1517,-584,-584
1518,-670,Forme
1519,-919,-919
1520,-535,Forme
1521,-587,-587
1522,-49,-49
1523,786,Geste
1524,649,649
1525,-816,Geste
1526,905,Forme
1527,939,Geste
1528,-745,Forme
1529,-357,Geste
1530,-872,-872
1531,-376,-376
1532,483,Geste
1533,488,488
1534,701,701
1535,321,Geste
1536,-413,-413
1537,-589,-589
1538,965,Forme
1539,-272,-272
1540,-751,-751
1541,274,274
1542,-697,-697
1543,801,Geste
1544,278,278
1545,-840,GestForm
1546,510,GestForm
1547,-277,-277
1548,758,758
1549,758,758
1550,-116,-116
1551,760,Forme
1552,594,Geste
1553,91,91
1554,440,Forme
1555,-993,Geste
1556,-213,Geste
1557,-194,-194
1558,-559,-559
1559,254,254
1560,-769,-769
1561,-230,Forme
1562,627,Geste
1563,-501,Geste
1564,-498,Geste
1565,902,902
1566,159,Geste
1567,997,997
1568,40,Forme
1569,-835,Forme
1570,-219,Geste
1571,333,Geste
1572,-38,-38
1573,-701,-701
1574,31,31
1575,85,Forme
1576,-784,-784
1577,515,Forme
1578,-504,Geste
1579,220,Forme
1580,-722,-722
1581,598,598
1582,-767,-767
1583,745,Forme
1584,-851,-851
1585,-42,Geste
1586,621,Geste
1587,582,Geste
1588,-17,-17
1589,116,116
1590,94,94
1591,-922,-922
1592,-181,-181
1593,-150,GestForm
1594,177,Geste
1595,-40,Forme
1596,750,GestForm
1597,959,959
1598,-153,Geste
1599,752,752
1600,698,698
1601,685,Forme
1602,777,Geste
1603,-448,-448
1604,137,137
1605,54,Geste
1606,-979,-979
1607,811,811
1608,557,557
1609,-390,GestForm
1610,781,781
1611,-56,-56
1612,125,Forme
1613,-874,-874
1614,706,706
1615,340,Forme
1616,-766,-766
1617,-973,-973
1618,-569,-569
1619,189,Geste
1620,-567,Geste
1621,-898,-898
1622,-379,-379
1623,-202,-202
1624,-966,Geste
1625,856,856
1626,193,193
1627,590,Forme
1628,539,539
1629,179,179
1630,-467,-467
1631,-730,Forme
1632,-586,-586
1633,573,Geste
1634,-152,-152
1635,470,Forme
1636,168,Geste
1637,-976,-976
1638,-546,Geste
1639,-849,Geste
1640,781,781
1641,339,Geste
1642,180,GestForm
1643,-327,Geste
1644,-439,-439
1645,859,859
1646,-953,-953
1647,-714,Geste
1648,-634,-634
1649,-946,-946
1650,-107,-107
1651,-884,-884
1652,-751,-751
1653,765,GestForm
1654,126,Geste
1655,483,Geste
1656,-479,-479
1657,177,Geste
1658,930,GestForm
1659,786,Geste
1660,-387,Geste
1661,-514,-514
1662,836,836
1663,-787,-787
1664,-768,Geste
1665,-417,Geste
1666,-16,-16
1667,-91,-91
1668,945,GestForm
1669,932,932
1670,-202,-202
1671,-493,-493
1672,-607,-607
1673,974,974
1674,415,Forme
1675,-562,-562
1676,983,983
1677,991,991
1678,337,337
1679,-109,-109
1680,410,Forme
1681,892,892
1682,120,GestForm
1683,783,Geste
1684,614,614
1685,-563,-563
1686,-809,-809
1687,465,GestForm
1688,-592,-592
1689,247,247
1690,588,Geste
1691,-925,Forme
1692,942,Geste
1693,-907,-907
1694,60,GestForm
1695,910,Forme
1696,-550,Forme
1697,-245,Forme
1698,400,Forme
1699,-717,Geste
1700,-569,-569
1701,-157,-157
1702,738,Geste
1703,718,718
1704,-362,-362
1705,-116,-116
1706,-583,-583
1707,909,Geste
1708,564,Geste
1709,88,88
1710,894,Geste
1711,317,317
1712,-184,-184
1713,266,266
1714,-714,Geste
1715,197,197
1716,407,407
1717,-754,-754
1718,-468,Geste
1719,-159,Geste
1720,-253,-253
1721,247,247
1722,-184,-184
1723,124,124
1724,794,794
1725,513,Geste
1726,15,GestForm
1727,266,266
1728,-310,Forme
1729,662,662
1730,-569,-569
1731,-108,Geste
1732,553,553
1733,-111,Geste
1734,600,GestForm
1735,-648,Geste
1736,-130,Forme
1737,959,959
1738,-883,-883
1739,126,Geste
1740,-930,GestForm
1741,-860,Forme
1742,452,452
1743,568,568
1744,-634,-634
1745,574,574
1746,516,Geste
1747,-67,-67
1748,753,Geste
1749,911,911
1750,985,Forme
1751,459,Geste
1752,645,GestForm
1753,-611,-611
1754,-369,Geste
1755,-748,-748
1756,888,Geste
1757,-611,-611
1758,395,Forme
1759,381,Geste
1760,-322,-322
1761,-944,-944
1762,-978,Geste
1763,-893,-893
1764,-612,Geste
1765,-559,-559
1766,884,884
1767,778,778
1768,254,254
1769,-314,-314
1770,192,Geste
1771,58,58
1772,557,557
1773,66,Geste
1774,857,857
1775,-842,-842
1776,-278,-278
1777,-443,-443
1778,96,Geste
1779,586,586
1780,-358,-358
1781,-621,Geste
1782,486,Geste
1783,-840,GestForm
1784,504,Geste
1785,318,Geste
1786,688,688
1787,-314,-314
1788,686,686
1789,633,Geste
1790,668,668
1791,-76,-76
1792,460,Forme
1793,-78,Geste
1794,310,Forme
1795,713,713
1796,-544,-544
1797,142,142
1798,-365,Forme
1799,53,53
1800,69,Geste
1801,165,GestForm
1802,-289,-289
1803,-524,-524
1804,-984,Geste
1805,697,697
1806,864,Geste
1807,661,661
1808,796,796
1809,-890,Forme
1810,-131,-131
1811,-64,-64
1812,20,Forme
1813,-192,Geste
1814,-620,Forme
1815,830,Forme
1816,93,Geste
1817,-48,Geste
1818,-708,Geste
1819,-741,Geste
1820,264,Geste
1821,576,Geste
1822,529,529
1823,-648,Geste
1824,-219,Geste
1825,184,184
1826,784,784
1827,619,619
1828,-213,Geste
1829,-383,-383
1830,458,458
1831,-606,Geste
1832,-141,Geste
1833,660,GestForm
1834,-36,Geste
1835,12,Geste
1836,209,209
1837,-189,Geste
1838,-670,Forme
1839,391,391
1840,709,709
1841,865,Forme
1842,812,812
1843,250,Forme
1844,-734,-734
1845,831,Geste
1846,-990,GestForm
1847,295,Forme
1848,598,598
1849,-143,-143
1850,595,Forme
1851,-752,-752
1852,347,347
1853,-74,-74
1854,-455,Forme
1855,715,Forme
1856,-175,Forme
1857,-510,GestForm
1858,485,Forme
1859,-509,-509
1860,-209,-209
1861,803,803
1862,-358,-358
1863,-946,-946
1864,-567,Geste
1865,-637,-637
1866,756,Geste
1867,-303,Geste
1868,982,982
1869,569,569
1870,815,Forme
1871,-554,-554
1872,425,Forme
1873,854,854
1874,-432,Geste
1875,14,14
1876,689,689
1877,-677,-677
1878,-861,Geste
1879,504,Geste
1880,462,Geste
1881,395,Forme
1882,925,Forme
1883,-137,-137
1884,-11,-11
1885,315,GestForm
1886,262,262
1887,-408,Geste
1888,-145,Forme
1889,-964,-964
1890,-50,Forme
1891,395,Forme
1892,337,337
1893,400,Forme
1894,-438,Geste
1895,-113,-113
1896,96,Geste
1897,700,Forme
1898,156,Geste
1899,-500,Forme
1900,596,596
1901,464,464
1902,-424,-424
1903,-195,GestForm
1904,133,133
1905,720,GestForm
1906,-153,Geste
1907,-645,GestForm
1908,433,433
1909,-306,Geste
1910,-222,Geste
1911,-259,-259
1912,224,224
1913,-39,Geste
1914,410,Forme
1915,-620,Forme
1916,-237,Geste
1917,-380,Forme
1918,-398,-398
1919,642,Geste
1920,413,413
1921,976,976
1922,-427,-427
1923,900,GestForm
1924,-537,Geste
1925,579,Geste
1926,489,Geste
1927,-833,-833
1928,-986,-986
1929,-459,Geste
1930,552,Geste
1931,539,539
1932,-854,-854
1933,956,956
1934,-531,Geste
1935,-599,-599
1936,53,53
1937,202,202
1938,572,572
1939,-235,Forme
1940,-687,Geste
1941,256,256
1942,-361,-361
1943,-94,-94
1944,773,773
1945,-438,Geste
1946,-88,-88
1947,175,Forme
1948,-637,-637
1949,-372,Geste
1950,468,Geste
1951,829,829
1952,576,Geste
1953,214,214
1954,-68,-68
1955,-608,-608
1956,-68,-68
1957,657,Geste
1958,754,754
1959,278,278
1960,406,406
1961,151,151
1962,105,GestForm
1963,-110,Forme
1964,-49,-49
1965,653,653
1966,793,793
1967,764,764
1968,979,979
1969,-183,Geste
1970,-987,Geste
1971,-94,-94
1972,672,Geste
1973,267,Geste
1974,901,901
1975,304,304
1976,297,Geste
1977,-430,Forme
1978,495,GestForm
1979,562,562
1980,360,GestForm
1981,473,473
1982,-799,-799
1983,480,GestForm
1984,59,59
1985,-970,Forme
1986,-115,Forme
1987,-144,Geste
1988,118,118
1989,-559,-559
1990,-929,-929
1991,706,706
1992,-831,Geste
1993,294,Geste
1994,-678,Geste
1995,-903,Geste
1996,189,Geste
1997,-724,-724
1998,868,868
1999,221,221
2000,-107,-107
2001,751,751
2002,845,Forme
2003,451,451
2004,-113,-113
2005,-941,-941
2006,-985,Forme
2007,650,Forme
2008,-163,-163
2009,-192,Geste
2010,592,592
2011,484,484
2012,-731,-731
2013,-430,Forme
2014,-949,-949
2015,-997,-997
2016,-85,Forme
2017,700,Forme
2018,60,GestForm
2019,632,632
2020,-742,-742
2021,672,Geste
2022,-789,Geste
2023,135,GestForm
2024,-378,Geste
2025,-107,-107
2026,-665,Forme
2027,875,Forme
2028,99,Geste
2029,191,191
2030,-930,GestForm
2031,350,Forme
2032,558,Geste
2033,-115,Forme
2034,-606,Geste
2035,641,641
2036,-672,Geste
2037,623,623
2038,-384,Geste
2039,236,236
2040,377,377
2041,-14,-14
2042,-657,Geste
2043,-704,-704
2044,559,559
2045,-866,-866
2046,-804,Geste
2047,-538,-538
2048,-566,-566
2049,-836,-836
2050,-644,-644
2051,-151,-151
2052,177,Geste
2053,597,Geste
2054,-840,GestForm
2055,-764,-764
2056,-927,Geste
2057,-911,-911
2058,-486,Geste
2059,-471,Geste
2060,273,Geste
2061,-273,Geste
2062,767,767
2063,-696,Geste
2064,-909,Geste
2065,-58,-58
2066,82,82
2067,866,866
2068,-129,Geste
2069,209,209
2070,-975,GestForm
2071,-373,-373
2072,-212,-212
2073,705,GestForm
2074,679,679
2075,-237,Geste
2076,489,Geste
2077,628,628
2078,242,242
2079,630,GestForm
2080,-157,-157
2081,209,209
2082,274,274
2083,948,Geste
2084,-839,-839
2085,142,142
2086,790,Forme
2087,-7,-7
2088,391,391
2089,950,Forme
2090,912,Geste
2091,974,974
2092,617,617
2093,731,731
2094,805,Forme
2095,-817,-817
2096,147,Geste
2097,19,19
2098,82,82
2099,-580,Forme
2100,-671,-671
2101,563,563
2102,-826,-826
2103,950,Forme
2104,-178,-178
2105,-844,-844
2106,-281,-281
2107,-457,-457
2108,-997,-997
2109,317,317
2110,-655,Forme
2111,-196,-196
2112,614,614
2113,7,7
2114,63,Geste
2115,-637,-637
2116,977,977
2117,709,709
2118,-339,Geste
2119,-299,-299
2120,617,617
2121,764,764
2122,-740,Forme
2123,-174,Geste
2124,341,341
2125,493,493
2126,487,487
2127,-9,Geste
2128,692,692
2129,978,Geste
2130,-810,GestForm
2131,281,281
2132,271,271
2133,-437,-437
2134,590,Forme
2135,-734,-734
2136,185,Forme
2137,-316,-316
2138,-133,-133
2139,-386,-386
2140,-156,Geste
2141,-830,Forme
2142,-611,-611
2143,166,166
2144,-478,-478
2145,-627,Geste
2146,361,361
2147,-396,Geste
2148,-112,-112
2149,-381,Geste
2150,77,77
2151,-744,Geste
2152,-113,-113
2153,-306,Geste
2154,-408,Geste
2155,-483,Geste
2156,-37,-37
2157,-458,-458
2158,-698,-698
2159,47,47
2160,-171,Geste
2161,-799,-799
2162,57,Geste
2163,-471,Geste
2164,-732,Geste
2165,-324,Geste
2166,-63,Geste
2167,454,454
2168,821,821
2169,-3,Geste
2170,904,904
2171,-355,Forme
2172,215,Forme
2173,-50,Forme
2174,-596,-596
2175,-289,-289
2176,830,Forme
2177,-454,-454
2178,448,448
2179,190,Forme
2180,529,529
2181,588,Geste
2182,44,44
2183,949,949
2184,-177,Geste
2185,939,Geste
2186,-200,Forme
2187,597,Geste
2188,-9,Geste
2189,-764,-764
2190,-349,-349
2191,461,461
2192,-347,-347
2193,537,Geste
2194,645,GestForm
2195,-48,Geste
2196,-153,Geste
2197,-255,GestForm
2198,-103,-103
2199,912,Geste
2200,309,Geste
2201,-68,-68
2202,-258,Geste
2203,-125,Forme
2204,605,Forme
2205,-460,Forme
2206,128,128
2207,-122,-122
2208,-591,Geste
2209,-57,Geste
2210,-840,GestForm
2211,-4,-4
2212,-501,Geste
2213,-682,-682
2214,-412,-412
2215,199,199
2216,-678,Geste
2217,71,71
2218,-346,-346
2219,-123,Geste
2220,45,GestForm
2221,808,808
2222,-875,Forme
2223,-605,Forme
2224,-896,-896
2225,62,62
2226,-652,-652
2227,761,761
2228,795,GestForm
2229,488,488
2230,437,437
2231,-237,Geste
2232,-904,-904
2233,-981,Geste
2234,984,Geste
2235,235,Forme
2236,879,Geste
2237,-782,-782
2238,-59,-59
2239,-667,-667
2240,800,Forme
2241,-662,-662
2242,304,304
2243,-887,-887
2244,70,Forme
2245,-460,Forme
2246,510,GestForm
2247,410,Forme
2248,-489,Geste
2249,167,167
2250,-443,-443
2251,891,Geste
2252,331,331
2253,603,Geste
2254,279,Geste
2255,344,344
2256,-342,Geste
2257,789,Geste
2258,-185,Forme
2259,-840,GestForm
2260,-6,Geste
2261,-331,-331
2262,958,958
2263,-56,-56
2264,-59,-59
2265,-998,-998
2266,130,Forme
2267,959,959
2268,-634,-634
2269,-372,Geste
2270,476,476
2271,-735,GestForm
2272,734,734
2273,945,GestForm
2274,35,Forme
2275,165,GestForm
2276,734,734
2277,626,626
2278,181,181
2279,351,Geste
2280,-193,-193
2281,856,856
2282,-993,Geste
2283,827,827
2284,579,Geste
2285,806,806
2286,-891,Geste
2287,-461,-461
2288,-694,-694
2289,-805,Forme
2290,-23,-23
2291,326,326
2292,-139,-139
2293,-72,Geste
2294,142,142
2295,-139,-139
2296,-193,-193
2297,-722,-722
2298,-38,-38
2299,786,Geste
2300,963,Geste
2301,-514,-514
2302,865,Forme
2303,764,764
2304,-676,-676
2305,-788,-788
2306,-665,Forme
2307,969,Geste
2308,75,GestForm
2309,860,Forme
2310,484,484
2311,-917,-917
2312,-965,Forme
2313,-518,-518
2314,161,161
2315,579,Geste
2316,-752,-752
2317,317,317
2318,-528,Geste
2319,863,863
2320,-437,-437
2321,-213,Geste
2322,317,317
2323,-627,Geste
2324,450,GestForm
2325,-596,-596
2326,733,733
2327,-503,-503
2328,421,421
2329,113,113
2330,78,Geste
2331,-535,Forme
2332,-443,-443
2333,-107,-107
2334,615,GestForm
2335,-282,Geste
2336,783,Geste
2337,93,Geste
2338,-137,-137
2339,-646,-646
2340,611,611
2341,-363,Geste
2342,504,Geste
2343,143,143
2344,352,352
2345,129,Geste
2346,970,Forme
2347,-400,Forme
2348,360,GestForm
2349,742,742
2350,-812,-812
2351,-830,Forme
2352,508,508
2353,60,GestForm
2354,-866,-866
2355,933,Geste
2356,-872,-872
2357,-604,-604
2358,303,Geste
2359,665,Forme
2360,-984,Geste
2361,454,454
2362,-19,-19
2363,506,506
2364,-751,-751
2365,-225,GestForm
2366,139,139
2367,-130,Forme
2368,218,218
2369,633,Geste
2370,-559,-559
2371,612,Geste
2372,930,GestForm
2373,-422,-422
2374,127,127
2375,506,506
2376,917,917
2377,563,563
2378,777,Geste
2379,152,152
2380,928,928
2381,365,Forme
2382,-66,Geste
2383,971,971
2384,564,Geste
2385,718,718
2386,-928,-928
2387,827,827
2388,-971,-971
2389,27,Geste
2390,381,Geste
2391,458,458
2392,13,13
2393,241,241
2394,-974,-974
2395,480,GestForm
2396,381,Geste
2397,529,529
2398,183,Geste
2399,818,818
2400,-676,-676
2401,-126,Geste
2402,709,709
2403,-235,Forme
2404,-988,-988
2405,898,898
2406,767,767
2407,227,227
2408,862,862
2409,541,541
2410,215,Forme
2411,880,Forme
2412,-896,-896
2413,-862,-862
2414,-491,-491
2415,-89,-89
2416,-302,-302
2417,651,Geste
2418,962,962
2419,468,Geste
2420,694,694
2421,173,173
2422,-860,Forme
2423,-195,GestForm
2424,93,Geste
2425,510,GestForm
2426,-97,-97
2427,-914,-914
2428,-345,GestForm
2429,-239,-239
2430,572,572
2431,-732,Geste
2432,-520,Forme
2433,-379,-379
2434,-667,-667
2435,-662,-662
2436,25,Forme
2437,490,Forme
2438,-826,-826
2439,-313,-313
2440,-652,-652
2441,-187,-187
2442,-4,-4
2443,288,Geste
2444,212,212
2445,-239,-239
2446,189,Geste
2447,-406,-406
2448,-897,Geste
2449,939,Geste
2450,-205,Forme
2451,-976,-976
2452,623,623
2453,-29,-29
2454,857,857
2455,709,709
2456,-544,-544
2457,-470,Forme
2458,491,491
2459,-971,-971
2460,-357,Geste
2461,319,319
2462,593,593
2463,907,907
2464,-989,-989
2465,76,76
2466,402,Geste
2467,576,Geste
2468,761,761
2469,-214,-214
2470,-917,-917
2471,161,161
2472,948,Geste
2473,181,181
2474,-983,-983
2475,-353,-353
2476,-762,Geste
2477,-57,Geste
2478,-384,Geste
2479,-38,-38
2480,260,Forme
2481,-805,Forme
2482,394,394
2483,-149,-149
2484,-643,-643
2485,-211,-211
2486,198,Geste
2487,-507,Geste
2488,-598,-598
2489,76,76
2490,-655,Forme
2491,102,Geste
2492,746,746
2493,906,Geste
2494,151,151
2495,664,664
2496,-898,-898
2497,631,631
2498,-114,Geste
2499,869,869
2500,233,233
2501,-559,-559
2502,-255,GestForm
2503,459,Geste
2504,897,Geste
2505,96,Geste
2506,-559,-559
2507,799,799
2508,457,457
2509,-347,-347
2510,853,853
2511,581,581
2512,-881,-881
2513,-298,-298
2514,714,Geste
2515,875,Forme
2516,518,518
2517,525,GestForm
2518,-237,Geste
2519,-76,-76
2520,-423,Geste
2521,-805,Forme
2522,244,244
2523,-796,-796
2524,809,809
2525,-79,-79
2526,-446,-446
2527,-769,-769
2528,892,892
2529,313,313
2530,-996,Geste
2531,-262,-262
2532,-463,-463
2533,-620,Forme
2534,3,Geste
2535,-915,GestForm
2536,-569,-569
2537,980,Forme
2538,84,Geste
2539,119,119
2540,271,271
2541,101,101
2542,144,Geste
2543,-453,Geste
2544,94,94
2545,303,Geste
2546,93,Geste
2547,906,Geste
2548,3,Geste
2549,877,877
2550,172,172
2551,-879,Geste
2552,442,442
2553,257,257
2554,-365,Forme
2555,922,922
2556,-724,-724
2557,-806,-806
2558,-565,Forme
2559,413,413
2560,646,646
2561,-377,-377
2562,-644,-644
2563,-667,-667
2564,937,937
2565,358,358
2566,-957,Geste
2567,68,68
2568,626,626
2569,591,Geste
2570,558,Geste
2571,818,818
2572,133,133
2573,934,934
2574,-817,-817
2575,-246,Geste
2576,185,Forme
2577,-359,-359
2578,453,Geste
2579,293,293
2580,-11,-11
2581,-183,Geste
2582,-526,-526
2583,-328,-328
2584,-515,Forme
2585,-684,Geste
2586,31,31
2587,396,Geste
2588,69,Geste
2589,-958,-958
2590,807,Geste
2591,-200,Forme
2592,183,Geste
2593,52,52
2594,-499,-499
2595,730,Forme
2596,-724,-724
2597,673,673
2598,949,949
2599,-856,-856
2600,-223,-223
2601,682,682
2602,222,Geste
2603,851,851
2604,877,877
2605,759,Geste
2606,-31,-31
2607,-895,Forme
2608,167,167
2609,-88,-88
2610,-706,-706
2611,72,Geste
2612,586,586
2613,-162,Geste
2614,-412,-412
2615,482,482
2616,-655,Forme
2617,230,Forme
2618,700,Forme
2619,869,869
2620,-670,Forme
2621,558,Geste
2622,-827,-827
2623,-369,Geste
2624,-802,-802
2625,859,859
2626,-253,-253
2627,77,77
2628,614,614
2629,745,Forme
2630,-488,-488
2631,147,Geste
2632,-966,Geste
2633,-271,-271
2634,-30,GestForm
2635,51,Geste
2636,-260,Forme
2637,-391,-391
2638,728,728
2639,825,GestForm
2640,963,Geste
2641,-677,-677
2642,169,169
2643,-176,-176
2644,-620,Forme
2645,-935,Forme
2646,-242,-242
2647,-383,-383
2648,-618,Geste
2649,-510,GestForm
2650,-90,GestForm
2651,-180,GestForm
2652,-568,-568
2653,100,Forme
2654,84,Geste
2655,799,799
2656,-682,-682
2657,-906,Geste
2658,-543,Geste
2659,923,923
2660,227,227
2661,-413,-413
2662,-979,-979
2663,-308,-308
2664,-235,Forme
2665,577,577
2666,100,Forme
2667,595,Forme
2668,-181,-181
2669,559,559
2670,57,Geste
2671,69,Geste
2672,501,Geste
2673,-696,Geste
2674,-277,-277
2675,882,Geste
2676,-787,-787
2677,700,Forme
2678,880,Forme
2679,757,757
2680,39,Geste
2681,573,Geste
2682,-980,Forme
2683,732,Geste
2684,279,Geste
2685,83,83
2686,420,GestForm
2687,-326,-326
2688,950,Forme
2689,-913,-913
2690,806,806
2691,37,37
2692,124,124
2693,-451,-451
2694,-537,Geste
2695,-625,Forme
2696,-754,-754
2697,191,191
2698,851,851
2699,172,172
2700,-319,-319
2701,710,Forme
2702,-517,-517
2703,876,Geste
2704,489,Geste
2705,357,Geste
2706,-879,Geste
2707,-75,GestForm
2708,622,622
2709,946,946
2710,-763,-763
2711,-725,Forme
2712,-186,Geste
2713,-982,-982
2714,-211,-211
2715,-658,-658
2716,-180,GestForm
2717,-106,-106
2718,-155,Forme
2719,256,256
2720,-931,-931
2721,160,Forme
2722,-163,-163
2723,190,Forme
2724,546,Geste
2725,-515,Forme
2726,-784,-784
2727,486,Geste
2728,829,829
2729,-24,Geste
2730,46,46
2731,-566,-566
2732,995,Forme
2733,784,784
2734,-710,Forme
2735,-407,-407
2736,-780,GestForm
2737,-749,-749
2738,225,GestForm
2739,766,766
2740,-21,Geste
2741,-316,-316
2742,-459,Geste
2743,140,Forme
2744,141,Geste
2745,537,Geste
2746,-745,Forme
2747,691,691
2748,-111,Geste
2749,843,Geste
2750,-927,Geste
2751,594,Geste
2752,176,176
2753,845,Forme
2754,-656,-656
2755,-257,-257
2756,315,GestForm
2757,-391,-391
2758,-155,Forme
2759,-842,-842
2760,-904,-904
2761,-164,-164
2762,284,284
2763,590,Forme
2764,-362,-362
2765,439,439
2766,-628,-628
2767,-461,-461
2768,752,752
2769,-55,Forme
2770,413,413
2771,998,998
2772,413,413
2773,-250,Forme
2774,350,Forme
2775,-749,-749
2776,-799,-799
2777,549,Geste
2778,972,Geste
2779,-952,-952
2780,993,Geste
2781,-540,GestForm
2782,-635,Forme
2783,-833,-833
2784,632,632
2785,959,959
2786,166,166
2787,-713,-713
2788,922,922
2789,-218,-218
2790,-667,-667
2791,308,308
2792,462,Geste
2793,-386,-386
2794,-991,-991
2795,-294,Geste
2796,475,Forme
2797,-603,Geste
2798,-586,-586
2799,116,116
2800,393,Geste
2801,406,406
2802,-3,Geste
2803,-247,-247
2804,43,43
2805,-78,Geste
2806,291,Geste
2807,50,Forme
2808,346,346
2809,-931,-931
2810,108,Geste
2811,108,Geste
2812,-788,-788
2813,-251,-251
2814,663,Geste
2815,911,911
2816,752,752
2817,-277,-277
2818,-425,Forme
2819,232,232
2820,-769,-769
2821,-937,-937
2822,-537,Geste
2823,-345,GestForm
2824,-782,-782
2825,-872,-872
2826,-792,Geste
2827,268,268
2828,943,943
2829,566,566
2830,316,316
2831,-866,-866
2832,732,Geste
2833,-53,-53
2834,862,862
2835,91,91
2836,783,Geste
2837,633,Geste
2838,909,Geste
2839,-12,Geste
2840,-209,-209
2841,628,628
2842,-948,Geste
2843,-321,Geste
2844,-35,Forme
2845,693,Geste
2846,-828,Geste
2847,19,19
2848,-852,Geste
2849,-503,-503
2850,984,Geste
2851,723,Geste
2852,361,361
2853,-564,Geste
2854,369,Geste
2855,33,Geste
2856,-409,-409
2857,-347,-347
2858,810,GestForm
2859,-950,Forme
2860,257,257
2861,396,Geste
2862,-592,-592
2863,-916,-916
2864,-703,-703
2865,929,929
2866,-409,-409
2867,970,Forme
2868,-309,Geste
2869,484,484
2870,475,Forme
2871,-173,-173
2872,313,313
2873,721,721
2874,-989,-989
2875,-811,-811
2876,951,Geste
2877,-720,GestForm
2878,-528,Geste
2879,265,Forme
2880,-714,Geste
2881,-300,GestForm
2882,-528,Geste
2883,205,Forme
2884,-338,-338
2885,497,497
2886,-356,-356
2887,-210,GestForm
2888,-73,-73
2889,-903,Geste
2890,303,Geste
2891,602,602
2892,-117,Geste
2893,-150,GestForm
2894,466,466
2895,-272,-272
2896,557,557
2897,-474,Geste
2898,756,Geste
2899,-661,-661
2900,-612,Geste
2901,719,719
2902,-635,Forme
2903,-30,GestForm
2904,-233,-233
2905,-923,-923
2906,721,721
2907,-888,Geste
2908,-919,-919
2909,53,53
2910,-241,-241
2911,937,937
2912,-111,Geste
2913,-292,-292
2914,208,208
2915,336,Geste
2916,-794,-794
2917,182,182
2918,-526,-526
2919,-9,Geste
2920,-791,-791
2921,414,Geste
2922,664,664
2923,579,Geste
2924,-219,Geste
2925,387,Geste
2926,702,Geste
2927,-426,Geste
2928,-919,-919
2929,646,646
2930,956,956
2931,-352,-352
2932,-814,-814
2933,987,Geste
2934,-477,Geste
2935,-583,-583
2936,-213,Geste
2937,-550,Forme
2938,-810,GestForm
2939,440,Forme
2940,-511,-511
2941,-350,Forme
2942,-418,-418
2943,811,811
2944,988,988
2945,-130,Forme
2946,136,136
2947,759,Geste
2948,297,Geste
2949,-68,-68
2950,-344,-344
2951,925,Forme
2952,227,227
2953,-535,Forme
2954,42,Geste
2955,-438,Geste
2956,664,664
2957,328,328
2958,869,869
2959,-361,-361
2960,-541,-541
2961,393,Geste
2962,838,838
2963,-960,GestForm
2964,519,Geste
2965,-358,-358
2966,56,56
2967,-940,Forme
2968,374,374
2969,-214,-214
2970,151,151
2971,-876,Geste
2972,871,871
2973,773,773
2974,473,473
2975,895,Forme
2976,-293,-293
2977,313,313
2978,690,GestForm
2979,-611,-611
2980,769,769
2981,503,503
2982,-430,Forme
2983,-797,-797
2984,98,98
2985,378,Geste
2986,-608,-608
2987,981,Geste
2988,-737,-737
2989,713,713
2990,71,71
2991,992,992
2992,-768,Geste
2993,875,Forme
2994,-870,GestForm
2995,-467,-467
2996,30,GestForm
2997,93,Geste
2998,18,Geste
2999,-891,Geste
3000,219,Geste
3001,392,392
3002,224,224
3003,-221,-221
3004,-338,-338
3005,162,Geste
3006,85,Forme
3007,179,179
3008,441,Geste
3009,273,Geste
3010,-247,-247
3011,-227,-227
3012,-953,-953
3013,-686,-686
3014,-430,Forme
3015,614,614
3016,277,277
3017,-788,-788
3018,-650,Forme
3019,-83,-83
3020,796,796
3021,-484,-484
3022,-129,Geste
3023,65,Forme
3024,-166,-166
3025,536,536
3026,326,326
3027,-103,-103
3028,471,Geste
3029,142,142
3030,233,233
3031,35,Forme
3032,-847,-847
3033,-820,Forme
3034,418,418
3035,123,Geste
3036,979,979
3037,589,589
3038,-371,-371
3039,810,GestForm
3040,-268,-268
3041,892,892
3042,-811,-811
3043,959,959
3044,298,298
3045,655,Forme
3046,-905,Forme
3047,342,Geste
3048,-273,Geste
3049,-821,-821
3050,599,599
3051,-405,GestForm
3052,-804,Geste
3053,-549,Geste
3054,319,319
3055,-708,Geste
3056,363,Geste
3057,-462,Geste
3058,-602,-602
3059,-800,Forme
3060,138,Geste
3061,443,443
3062,-921,Geste
3063,397,397
3064,-265,Forme
3065,910,Forme
3066,-497,-497
3067,73,73
3068,117,Geste
3069,719,719
3070,897,Geste
3071,188,188
3072,525,GestForm
3073,304,304
3074,-119,-119
3075,997,997
3076,267,Geste
3077,-454,-454
3078,797,797
3079,-947,-947
3080,927,Geste
3081,-883,-883
3082,161,161
3083,741,Geste
3084,553,553
3085,-3,Geste
3086,-250,Forme
3087,293,293
3088,-322,-322
3089,648,Geste
3090,74,74
3091,225,GestForm
3092,-584,-584
3093,130,Forme
3094,-260,Forme
3095,-539,-539
3096,-634,-634
3097,509,509
3098,-965,Forme
3099,522,Geste
3100,-737,-737
3101,-793,-793
3102,30,GestForm
3103,-515,Forme
3104,178,178
3105,-688,-688
3106,514,514
3107,-720,GestForm
3108,-40,Forme
3109,273,Geste
3110,73,73
3111,-638,-638
3112,456,Geste
3113,337,337
3114,139,139
3115,-6,Geste
3116,889,889
3117,-430,Forme
3118,316,316
3119,374,374
3120,-390,GestForm
3121,846,Geste
3122,-114,Geste
3123,-942,Geste
3124,-783,Geste
3125,-81,Geste
3126,-950,Forme
3127,-122,-122
3128,652,652
3129,-354,Geste
3130,-175,Forme
3131,496,496
3132,91,91
3133,738,Geste
3134,-52,-52
3135,-644,-644
3136,-250,Forme
3137,326,326
3138,961,961
3139,-824,-824
3140,432,Geste
3141,21,Geste
3142,572,572
3143,-815,Forme
3144,370,Forme
3145,-200,Forme
3146,350,Forme
3147,887,887
3148,-140,Forme
3149,978,Geste
3150,2,2
3151,-147,Geste
3152,-28,-28
3153,839,839
3154,438,Geste
3155,-113,-113
3156,829,829
3157,849,Geste
3158,-860,Forme
3159,20,Forme
3160,856,856
3161,-752,-752
3162,818,818
3163,-883,-883
3164,898,898
3165,-866,-866
3166,-324,Geste
3167,416,416
3168,160,Forme
3169,397,397
3170,503,503
3171,-756,Geste
3172,598,598
3173,-171,Geste
3174,468,Geste
3175,-771,Geste
3176,-360,GestForm
3177,-6,Geste
3178,790,Forme
3179,-532,-532
3180,-166,-166
3181,-524,-524
3182,716,716
3183,-714,Geste
3184,62,62
3185,805,Forme
3186,-929,-929
3187,-363,Geste
3188,936,Geste
3189,584,584
3190,-197,-197
3191,59,59
3192,-978,Geste
3193,-759,Geste
3194,70,Forme
3195,-565,Forme
3196,189,Geste
3197,-162,Geste
3198,75,GestForm
3199,-800,Forme
3200,59,59
3201,33,Geste
3202,-952,-952
3203,496,496
3204,436,436
3205,506,506
3206,540,GestForm
3207,-749,-749
3208,-217,-217
3209,-687,Geste
3210,-442,-442
3211,95,Forme
3212,49,49
3213,423,Geste
3214,38,38
3215,-943,-943
3216,143,143
3217,642,Geste
3218,777,Geste
3219,-787,-787
3220,274,274
3221,-775,Forme
3222,-863,-863
3223,-241,-241
3224,426,Geste
3225,955,Forme
3226,520,Forme
3227,-979,-979
3228,392,392
3229,798,Geste
3230,849,Geste
3231,-997,-997
3232,-344,-344
3233,-517,-517
3234,338,338
3235,90,GestForm
3236,90,GestForm
3237,445,Forme
3238,-733,-733
3239,213,Geste
3240,160,Forme
3241,745,Forme
3242,-583,-583
3243,-14,-14
3244,18,Geste
3245,26,26
3246,339,Geste
3247,-973,-973
3248,788,788
3249,-313,-313
3250,704,704
3251,498,Geste
3252,157,157
3253,103,103
3254,936,Geste
3255,-414,Geste
3256,67,67
3257,-350,Forme
3258,-198,Geste
3259,-684,Geste
3260,-685,Forme
3261,152,152
3262,205,Forme
3263,0,GestForm
3264,-923,-923
3265,-331,-331
3266,-238,-238
3267,-767,-767
3268,725,Forme
3269,-716,-716
3270,-859,-859
3271,674,674
3272,939,Geste
3273,379,379
3274,-799,-799
3275,142,142
3276,408,Geste
3277,472,472
3278,799,799
3279,283,283
3280,-951,Geste
3281,472,472
3282,501,Geste
3283,-669,Geste
3284,-680,Forme
3285,-128,-128
3286,145,Forme
3287,846,Geste
3288,0,GestForm
3289,-64,-64
3290,-729,Geste
3291,-118,-118
3292,-751,-751
3293,-744,Geste
3294,-736,-736
3295,-811,-811
3296,-207,Geste
3297,633,Geste
3298,-221,-221
3299,208,208
3300,168,Geste
3301,920,Forme
3302,810,GestForm
3303,-386,-386
3304,-296,-296
3305,-206,-206
3306,-919,-919
3307,992,992
3308,-958,-958
3309,-413,-413
3310,-957,Geste
3311,-915,GestForm
3312,656,656
3313,-466,-466
3314,-598,-598
3315,-570,GestForm
3316,278,278
3317,-619,-619
3318,497,497
3319,94,94
3320,-63,Geste
3321,35,Forme
3322,-265,Forme
3323,-718,-718
3324,936,Geste
3325,369,Geste
3326,-403,-403
3327,815,Forme
3328,-15,GestForm
3329,-953,-953
3330,576,Geste
3331,-165,GestForm
3332,-718,-718
3333,69,Geste
3334,517,517
3335,-301,-301
3336,581,581
3337,-314,-314
3338,703,703
3339,543,Geste
3340,-295,Forme
3341,-522,Geste
3342,835,Forme
3343,-241,-241
3344,-205,Forme
3345,-588,Geste
3346,199,199
3347,-617,-617
3348,461,461
3349,326,326
3350,427,427
3351,125,Forme
3352,894,Geste
3353,-855,GestForm
3354,972,Geste
3355,-53,-53
3356,-771,Geste
3357,-380,Forme
3358,-200,Forme
3359,411,Geste
3360,650,Forme
3361,258,Geste
3362,423,Geste
3363,130,Forme
3364,67,67
3365,934,934
3366,473,473
3367,-932,-932
3368,-32,-32
3369,-235,Forme
3370,-154,-154
3371,355,Forme
3372,-792,Geste
3373,156,Geste
3374,-889,-889
3375,419,419
3376,-370,Forme
3377,142,142
3378,207,Geste
3379,34,34
3380,877,877
3381,407,407
3382,-589,-589
3383,37,37
3384,96,Geste
3385,130,Forme
3386,-686,-686
3387,-358,-358
3388,-815,Forme
3389,138,Geste
3390,-802,-802
3391,-784,-784
3392,367,367
3393,-292,-292
3394,-298,-298
3395,215,Forme
3396,483,Geste
3397,75,GestForm
3398,675,GestForm
3399,89,89
3400,-282,Geste
3401,569,569
3402,-218,-218
3403,-149,-149
3404,856,856
3405,-641,-641
3406,72,Geste
3407,-437,-437
3408,-476,-476
3409,806,806
3410,-414,Geste
3411,74,74
3412,-650,Forme
3413,244,244
3414,-225,GestForm
3415,315,GestForm
3416,-626,-626
3417,263,263
3418,-856,-856
3419,86,86
3420,357,Geste
3421,935,Forme
3422,949,949
3423,-4,-4
3424,11,11
3425,-638,-638
3426,-516,Geste
3427,485,Forme
3428,441,Geste
3429,483,Geste
3430,383,383
3431,-655,Forme
3432,28,28
3433,845,Forme
3434,-867,Geste
3435,-607,-607
3436,548,548
3437,-632,-632
3438,792,Geste
3439,-628,-628
3440,100,Forme
3441,358,358
3442,-812,-812
3443,789,Geste
3444,-319,-319
3445,139,139
3446,-49,-49
3447,-919,-919
3448,366,Geste
3449,518,518
3450,-565,Forme
3451,-624,Geste
3452,-611,-611
3453,-587,-587
3454,-327,Geste
3455,-620,Forme
3456,637,637
3457,509,509
3458,608,608
3459,481,481
3460,-167,-167
3461,894,Geste
3462,749,749
3463,-433,-433
3464,433,433
3465,-43,-43
3466,513,Geste
3467,252,Geste
3468,-273,Geste
3469,-789,Geste
3470,730,Forme
3471,435,GestForm
3472,692,692
3473,-835,Forme
3474,-191,-191
3475,13,13
3476,528,Geste
3477,132,Geste
3478,867,Geste
3479,-90,GestForm
3480,-997,-997
3481,484,484
3482,-622,-622
3483,566,566
3484,177,Geste
3485,-246,Geste
3486,825,GestForm
3487,-381,Geste
3488,-380,Forme
3489,-399,Geste
3490,-249,Geste
3491,-353,-353
3492,32,32
3493,-767,-767
3494,-987,Geste
3495,325,Forme
3496,-108,Geste
3497,-459,Geste
3498,390,GestForm
3499,877,877
3500,848,848
3501,586,586
3502,547,547
3503,-189,Geste
3504,-834,Geste
3505,411,Geste
3506,-214,-214
3507,-443,-443
3508,839,839
3509,-238,-238
3510,-684,Geste
3511,348,Geste
3512,255,GestForm
3513,-630,GestForm
3514,969,Geste
3515,-735,GestForm
3516,730,Forme
3517,566,566
3518,99,Geste
3519,626,626
3520,932,932
3521,832,832
3522,526,526
3523,-84,Geste
3524,315,GestForm
3525,-694,-694
3526,282,Geste
3527,-629,-629
3528,-511,-511
3529,-875,Forme
3530,582,Geste
3531,492,Geste
3532,-425,Forme
3533,-584,-584
3534,-59,-59
3535,-337,-337
3536,182,182
3537,-271,-271
3538,-675,GestForm
3539,403,403
3540,723,Geste
3541,231,Geste
3542,978,Geste
3543,-546,Geste
3544,-649,-649
3545,-723,Geste
3546,-921,Geste
3547,67,67
3548,526,526
3549,-720,GestForm
3550,-687,Geste
3551,896,896
3552,407,407
3553,727,727
3554,-60,GestForm
3555,609,Geste
3556,776,776
3557,-208,-208
3558,569,569
3559,958,958
3560,-342,Geste
3561,637,637
3562,584,584
3563,-395,Forme
3564,-341,-341
3565,96,Geste
3566,-90,GestForm
3567,-378,Geste
3568,861,Geste
3569,365,Forme
3570,527,527
3571,958,958
3572,-243,Geste
3573,-834,Geste
3574,496,496
3575,-306,Geste
3576,-215,Forme
3577,-354,Geste
3578,114,Geste
3579,-942,Geste
3580,-567,Geste
3581,281,281
3582,965,Forme
3583,584,584
3584,232,232
3585,552,Geste
3586,-172,-172
3587,306,Geste
3588,403,403
3589,710,Forme
3590,968,968
3591,-387,Geste
3592,779,779
3593,56,56
3594,-675,GestForm
3595,253,253
3596,-126,Geste
3597,-929,-929
3598,300,GestForm
3599,622,622
3600,21,Geste
3601,-790,Forme
3602,-979,-979
3603,378,Geste
3604,533,533
3605,-123,Geste
3606,-842,-842
3607,120,GestForm
3608,167,167
3609,-977,-977
3610,941,941
3611,380,Forme
3612,716,716
3613,148,148
3614,-81,Geste
3615,-955,Forme
3616,-684,Geste
3617,382,382
3618,-846,Geste
3619,-811,-811
3620,-715,Forme
3621,-398,-398
3622,704,704
3623,393,Geste
3624,138,Geste
3625,-595,Forme
3626,362,362
3627,209,209
3628,-774,Geste
3629,229,229
3630,377,377
3631,-875,Forme
3632,-84,Geste
3633,494,494
3634,647,647
3635,-401,-401
3636,640,Forme
3637,858,Geste
3638,45,GestForm
3639,-180,GestForm
3640,592,592
3641,-316,-316
3642,766,766
3643,112,112
3644,-148,-148
3645,-359,-359
3646,-852,Geste
3647,666,Geste
3648,-815,Forme
3649,-151,-151
3650,-349,-349
3651,-65,Forme
3652,397,397
3653,568,568
3654,-154,-154
3655,464,464
3656,189,Geste
3657,917,917
3658,-56,-56
3659,462,Geste
3660,731,731
3661,-741,Geste
3662,-198,Geste
3663,-113,-113
3664,617,617
3665,880,Forme
3666,31,31
3667,-749,-749
3668,-982,-982
3669,-731,-731
3670,716,716
3671,375,GestForm
3672,-13,-13
3673,528,Geste
3674,-774,Geste
3675,-893,-893
3676,47,47
3677,-457,-457
3678,90,GestForm
3679,-756,Geste
3680,559,559
3681,927,Geste
3682,-535,Forme
3683,314,314
3684,859,859
3685,804,Geste
3686,280,Forme
3687,-376,-376
3688,-702,Geste
3689,-137,-137
3690,-444,Geste
3691,-94,-94
3692,-208,-208
3693,438,Geste
3694,-429,Geste
3695,408,Geste
3696,421,421
3697,7,7
3698,-915,GestForm
3699,-756,Geste
3700,-683,-683
3701,-955,Forme
3702,820,Forme
3703,114,Geste
3704,-844,-844
3705,-675,GestForm
3706,116,116
3707,-539,-539
3708,689,689
3709,-383,-383
3710,-421,-421
3711,378,Geste
3712,763,763
3713,-40,Forme
3714,-2,-2
3715,-109,-109
3716,948,Geste
3717,779,779
3718,739,739
3719,136,136
3720,567,Geste
3721,901,901
3722,-737,-737
3723,971,971
3724,-186,Geste
3725,630,GestForm
3726,793,793
3727,-665,Forme
3728,-11,-11
3729,565,Forme
3730,-868,-868
3731,-160,Forme
3732,-779,-779
3733,129,Geste
3734,567,Geste
3735,-263,-263
3736,-796,-796
3737,956,956
3738,301,301
3739,-857,-857
3740,34,34
3741,-347,-347
3742,739,739
3743,-158,-158
3744,-938,-938
3745,-843,Geste
3746,-20,Forme
3747,691,691
3748,715,Forme
3749,-130,Forme
3750,-387,Geste
3751,20,Forme
3752,169,169
3753,-386,-386
3754,345,GestForm
3755,803,803
3756,-196,-196
3757,-535,Forme
3758,-997,-997
3759,34,34
3760,-281,-281
3761,14,14
3762,974,974
3763,-573,Geste
3764,178,178
3765,-465,GestForm
3766,95,Forme
3767,861,Geste
3768,24,Geste
3769,-63,Geste
3770,117,Geste
3771,304,304
3772,575,Forme
3773,-589,-589
3774,794,794
3775,-441,Geste
3776,-105,GestForm
3777,971,971
3778,-134,-134
3779,-631,-631
3780,253,253
3781,-802,-802
3782,-262,-262
3783,379,379
3784,-927,Geste
3785,-10,Forme
3786,-910,Forme
3787,-638,-638
3788,930,GestForm
3789,804,Geste
3790,-983,-983
3791,297,Geste
3792,-826,-826
3793,-816,Geste
3794,483,Geste
3795,-873,Geste
3796,-431,-431
3797,67,67
3798,333,Geste
3799,386,386
3800,217,217
3801,968,968
3802,-453,Geste
3803,697,697
3804,-967,-967
3805,-733,-733
3806,20,Forme
3807,-329,-329
3808,77,77
3809,940,Forme
3810,-203,-203
3811,205,Forme
3812,494,494
3813,499,499
3814,-289,-289
3815,-302,-302
3816,-294,Geste
3817,233,233
3818,-886,-886
3819,-495,GestForm
3820,69,Geste
3821,-183,Geste
3822,604,604
3823,912,Geste
3824,-922,-922
3825,165,GestForm
3826,-430,Forme
3827,11,11
3828,395,Forme
3829,-951,Geste
3830,-690,GestForm
3831,-563,-563
3832,793,793
3833,-742,-742
3834,631,631
3835,402,Geste
3836,-956,-956
3837,8,8
3838,-965,Forme
3839,-177,Geste
3840,92,92
3841,922,922
3842,-270,GestForm
3843,709,709
3844,-904,-904
3845,759,Geste
3846,-273,Geste
3847,186,Geste
3848,725,Forme
3849,21,Geste
3850,-466,-466
3851,-358,-358
3852,920,Forme
3853,-723,Geste
3854,187,187
3855,308,308
3856,-132,Geste
3857,349,349
3858,966,Geste
3859,-554,-554
3860,-290,Forme
3861,-118,-118
3862,271,271
3863,696,Geste
3864,-594,Geste
3865,461,461
3866,949,949
3867,622,622
3868,-128,-128
3869,742,742
3870,831,Geste
3871,-303,Geste
3872,-816,Geste
3873,-958,-958
3874,-637,-637
3875,220,Forme
3876,528,Geste
3877,672,Geste
3878,-541,-541
3879,230,Forme
3880,219,Geste
3881,-447,Geste
3882,-873,Geste
3883,421,421
3884,-729,Geste
3885,283,283
3886,92,92
3887,654,Geste
3888,-618,Geste
3889,250,Forme
3890,-852,Geste
3891,-720,GestForm
3892,356,356
3893,957,Geste
3894,963,Geste
3895,273,Geste
3896,-792,Geste
3897,-599,-599
3898,914,914
3899,-504,Geste
3900,-723,Geste
3901,730,Forme
3902,-537,Geste
3903,-885,GestForm
3904,-928,-928
3905,187,187
3906,495,GestForm
3907,661,661
3908,-850,Forme
3909,-241,-241
3910,-941,-941
3911,527,527
3912,970,Forme
3913,888,Geste
3914,270,GestForm
3915,-261,Geste
3916,879,Geste
3917,-957,Geste
3918,211,211
3919,547,547
3920,-202,-202
3921,290,Forme
3922,-106,-106
3923,71,71
3924,-831,Geste
3925,-784,-784
3926,598,598
3927,-568,-568
3928,-230,Forme
3929,-715,Forme
3930,-338,-338
3931,183,Geste
3932,-329,-329
3933,-239,-239
3934,-747,Geste
3935,865,Forme
3936,-439,-439
3937,-697,-697
3938,-996,Geste
3939,-438,Geste
3940,117,Geste
3941,414,Geste
3942,-13,-13
3943,-554,-554
3944,903,Geste
3945,951,Geste
3946,17,17
3947,287,287
3948,545,Forme
3949,26,26
3950,-643,-643
3951,998,998
3952,469,469
3953,748,748
3954,-139,-139
3955,-395,Forme
3956,247,247
3957,204,Geste
3958,361,361
3959,735,GestForm
3960,-228,Geste
3961,-441,Geste
3962,734,734
3963,-882,Geste
3964,-274,-274
3965,-265,Forme
3966,76,76
3967,-512,-512
3968,-880,Forme
3969,-857,-857
3970,-259,-259
3971,-978,Geste
3972,-610,Forme
3973,92,92
3974,-901,-901
3975,-831,Geste
3976,-459,Geste
3977,-775,Forme
3978,916,916
3979,-75,GestForm
3980,-746,-746
3981,263,263
3982,-979,-979
3983,-800,Forme
3984,-711,Geste
3985,863,863
3986,781,781
3987,-520,Forme
3988,-767,-767
3989,-909,Geste
3990,719,719
3991,573,Geste
3992,-507,Geste
3993,-731,-731
3994,-965,Forme
3995,-189,Geste
3996,-526,-526
3997,593,593
3998,140,Forme
3999,960,GestForm
4000,719,719
4001,-180,GestForm
4002,913,913
4003,-727,-727
4004,892,892
4005,-695,Forme
4006,77,77
4007,-257,-257
4008,945,GestForm
4009,-663,Geste
4010,-518,-518
4011,826,826
4012,-799,-799
4013,-951,Geste
4014,655,Forme
4015,103,103
4016,419,419
4017,465,GestForm
4018,764,764
4019,-388,-388
4020,115,Forme
4021,-411,Geste
4022,-170,Forme
4023,-261,Geste
4024,-505,Forme
4025,-710,Forme
4026,-298,-298
4027,-701,-701
4028,156,Geste
4029,-780,GestForm
4030,828,Geste
4031,-412,-412
4032,289,289
4033,-287,-287
4034,-474,Geste
4035,737,737
4036,-961,-961
4037,-585,GestForm
4038,-983,-983
4039,921,Geste
4040,758,758
4041,384,Geste
4042,473,473
4043,948,Geste
4044,-672,Geste
4045,616,616
4046,-194,-194
4047,-90,GestForm
4048,-434,-434
4049,-342,Geste
4050,-889,-889
4051,53,53
4052,452,452
4053,379,379
4054,-421,-421
4055,-789,Geste
4056,524,524
4057,-492,Geste
4058,-336,Geste
4059,681,Geste
4060,122,122
4061,-204,Geste
4062,285,GestForm
4063,27,Geste
4064,376,376
4065,350,Forme
4066,-477,Geste
4067,-519,Geste
4068,742,742
4069,-391,-391
4070,-71,-71
4071,-390,GestForm
4072,607,607
4073,-365,Forme
4074,400,Forme
4075,932,932
4076,-965,Forme
4077,45,GestForm
4078,598,598
4079,281,281
4080,-488,-488
4081,171,Geste
4082,-626,-626
4083,811,811
4084,-968,-968
4085,-681,Geste
4086,-63,Geste
4087,-450,GestForm
4088,517,517
4089,-864,Geste
4090,-362,-362
4091,-60,GestForm
4092,794,794
4093,-818,-818
4094,475,Forme
4095,132,Geste
4096,126,Geste
4097,-2,-2
4098,-949,-949
4099,189,Geste
4100,-223,-223
4101,-209,-209
4102,-846,Geste
4103,-52,-52
4104,-90,GestForm
4105,-575,Forme
4106,18,Geste
4107,673,673
4108,-724,-724
4109,-981,Geste
4110,328,328
4111,-677,-677
4112,703,703
4113,-951,Geste
4114,-223,-223
4115,720,GestForm
4116,-529,-529
4117,231,Geste
4118,267,Geste
4119,-929,-929
4120,791,791
4121,-671,-671
4122,815,Forme
4123,-667,-667
4124,-220,Forme
4125,654,Geste
4126,-130,Forme
4127,826,826
4128,272,272
4129,261,Geste
4130,-682,-682
4131,727,727
4132,-305,Forme
4133,-638,-638
4134,-542,-542
4135,-682,-682
4136,687,Geste
4137,983,983
4138,-395,Forme
4139,726,Geste
4140,-178,-178
4141,439,439
4142,324,Geste
4143,99,Geste
4144,172,172
4145,133,133
4146,412,412
4147,224,224
4148,198,Geste
4149,257,257
4150,888,Geste
4151,457,457
4152,52,52
4153,335,Forme
4154,471,Geste
4155,-738,Geste
4156,-812,-812
4157,-105,GestForm
4158,10,Forme
4159,248,248
4160,236,236
4161,813,Geste
4162,170,Forme
4163,-885,GestForm
4164,915,GestForm
4165,531,Geste
4166,-131,-131
4167,897,Geste
4168,-690,GestForm
4169,-438,Geste
4170,-438,Geste
4171,-459,Geste
4172,-834,Geste
4173,-538,-538
4174,528,Geste
4175,-868,-868
4176,966,Geste
4177,-71,-71
4178,387,Geste
4179,-1,-1
4180,-966,Geste
4181,-965,Forme
4182,580,Forme
4183,-808,-808
4184,-789,Geste
4185,-581,-581
4186,633,Geste
4187,-154,-154
4188,-267,Geste
4189,-652,-652
4190,884,884
4191,-839,-839
4192,192,Geste
4193,-326,-326
4194,677,677
4195,-611,-611
4196,458,458
4197,-802,-802
4198,-830,Forme
4199,-280,Forme
4200,66,Geste
4201,175,Forme
4202,-741,Geste
4203,-107,-107
4204,-138,Geste
4205,44,44
4206,-474,Geste
4207,825,GestForm
4208,-569,-569
4209,860,Forme
4210,418,418
4211,-718,-718
4212,-377,-377
4213,553,553
4214,-653,-653
4215,451,451
4216,274,274
4217,-254,-254
4218,167,167
4219,664,664
4220,431,431
4221,141,Geste
4222,421,421
4223,-644,-644
4224,176,176
4225,-512,-512
4226,155,Forme
4227,900,GestForm
4228,883,883
4229,45,GestForm
4230,-164,-164
4231,-61,-61
4232,86,86
4233,-325,Forme
4234,-126,Geste
4235,509,509
4236,-505,Forme
4237,681,Geste
4238,618,Geste
4239,917,917
4240,-683,-683
4241,-640,Forme
4242,-545,Forme
4243,-431,-431
4244,711,Geste
4245,691,691
4246,530,Forme
4247,426,Geste
4248,626,626
4249,976,976
4250,-723,Geste
4251,31,31
4252,189,Geste
4253,-267,Geste
4254,-626,-626
4255,-435,GestForm
4256,-882,Geste
4257,934,934
4258,3,Geste
4259,-491,-491
4260,-331,-331
4261,675,GestForm
4262,439,439
4263,-76,-76
4264,-92,-92
4265,545,Forme
4266,266,266
4267,311,311
4268,-547,-547
4269,-551,-551
4270,22,22
4271,-514,-514
4272,647,647
4273,-165,GestForm
4274,-614,-614
4275,-100,Forme
4276,-380,Forme
4277,388,388
4278,-718,-718
4279,-585,GestForm
4280,-629,-629
4281,822,Geste
4282,511,511
4283,-10,Forme
4284,426,Geste
4285,157,157
4286,645,GestForm
4287,50,Forme
4288,-543,Geste
4289,981,Geste
4290,902,902
4291,-295,Forme
4292,786,Geste
4293,-557,-557
4294,122,122
4295,889,889
4296,-495,GestForm
4297,-489,Geste
4298,599,599
4299,19,19
4300,430,Forme
4301,382,382
4302,-790,Forme
4303,-490,Forme
4304,-584,-584
4305,-288,Geste
4306,546,Geste
4307,104,104
4308,-358,-358
4309,-909,Geste
4310,-189,Geste
4311,-626,-626
4312,-321,Geste
4313,-465,GestForm
4314,-326,-326
4315,808,808
4316,-876,Geste
4317,714,Geste
4318,-515,Forme
4319,-702,Geste
4320,-857,-857
4321,699,Geste
4322,584,584
4323,-857,-857
4324,-978,Geste
4325,-85,Forme
4326,-126,Geste
4327,213,Geste
4328,329,329
4329,669,Geste
4330,-803,-803
4331,-774,Geste
4332,502,502
4333,385,Forme
4334,-4,-4
4335,230,Forme
4336,808,808
4337,836,836
4338,316,316
4339,-520,Forme
4340,68,68
4341,502,502
4342,-454,-454
4343,-804,Geste
4344,394,394
4345,78,Geste
4346,-137,-137
4347,687,Geste
4348,-857,-857
4349,-238,-238
4350,-262,-262
4351,-381,Geste
4352,312,Geste
4353,844,844
4354,929,929
4355,78,Geste
4356,-866,-866
4357,-689,-689
4358,-476,-476
4359,-786,Geste
4360,49,49
4361,300,GestForm
4362,762,Geste
4363,442,442
4364,-469,-469
4365,238,238
4366,-356,-356
4367,-951,Geste
4368,230,Forme
4369,-273,Geste
4370,288,Geste
4371,420,GestForm
4372,875,Forme
4373,19,19
4374,-238,-238
4375,848,848
4376,-726,Geste
4377,-625,Forme
4378,912,Geste
4379,-407,-407
4380,-886,-886
4381,-290,Forme
4382,-67,-67
4383,876,Geste
4384,-627,Geste
4385,750,GestForm
4386,-111,Geste
4387,383,383
4388,626,626
4389,-959,-959
4390,-496,-496
4391,859,859
4392,692,692
4393,314,314
4394,-658,-658
4395,305,Forme
4396,-695,Forme
4397,758,758
4398,376,376
4399,-610,Forme
4400,-93,Geste
4401,-633,Geste
4402,-360,GestForm
4403,209,209
4404,-146,-146
4405,-797,-797
4406,-119,-119
4407,205,Forme
4408,-850,Forme
4409,205,Forme
4410,-396,Geste
4411,-325,Forme
4412,485,Forme
4413,-545,Forme
4414,182,182
4415,-72,Geste
4416,452,452
4417,-772,-772
4418,748,748
4419,-731,-731
4420,845,Forme
4421,123,Geste
4422,-824,-824
4423,691,691
4424,696,Geste
4425,-245,Forme
4426,32,32
4427,513,Geste
4428,205,Forme
4429,907,907
4430,-673,-673
4431,38,38
4432,225,GestForm
4433,-325,Forme
4434,400,Forme
4435,-734,-734
4436,-687,Geste
4437,-157,-157
4438,-515,Forme
4439,-1,-1
4440,-747,Geste
4441,-80,Forme
4442,331,331
4443,-5,Forme
4444,-134,-134
4445,-162,Geste
4446,628,628
4447,-260,Forme
4448,-387,Geste
4449,825,GestForm
4450,-854,-854
4451,184,184
4452,-521,-521
4453,-591,Geste
4454,906,Geste
4455,290,Forme
4456,-866,-866
4457,694,694
4458,130,Forme
4459,-641,-641
4460,-52,-52
4461,225,GestForm
4462,-454,-454
4463,692,692
4464,620,Forme
4465,977,977
4466,543,Geste
4467,-904,-904
4468,-344,-344
4469,-715,Forme
4470,340,Forme
4471,495,GestForm
4472,-569,-569
4473,436,436
4474,407,407
4475,844,844
4476,-430,Forme
4477,695,Forme
4478,151,151
4479,-580,Forme
4480,345,GestForm
4481,326,326
4482,189,Geste
4483,-360,GestForm
4484,743,743
4485,201,Geste
4486,3,Geste
4487,-936,Geste
4488,573,Geste
4489,-417,Geste
4490,-588,Geste
4491,-777,Geste
4492,-165,GestForm
4493,-1000,Forme
4494,-593,-593
4495,-209,-209
4496,-469,-469
4497,-158,-158
4498,-34,-34
4499,566,566
4500,461,461
4501,-646,-646
4502,327,Geste
4503,-751,-751
4504,-397,-397
4505,814,814
4506,-514,-514
4507,-951,Geste
4508,827,827
4509,163,163
4510,-607,-607
4511,374,374
4512,37,37
4513,481,481
4514,-826,-826
4515,-113,-113
4516,-761,-761
4517,-22,-22
4518,814,814
4519,-967,-967
4520,637,637
4521,432,Geste
4522,-595,Forme
4523,-826,-826
4524,923,923
4525,678,Geste
4526,222,Geste
4527,-146,-146
4528,71,71
4529,-794,-794
4530,362,362
4531,826,826
4532,-674,-674
4533,-130,Forme
4534,-530,Forme
4535,-864,Geste
4536,-816,Geste
4537,983,983
4538,102,Geste
4539,-296,-296
4540,444,Geste
4541,-376,-376
4542,386,386
4543,-552,Geste
4544,357,Geste
4545,993,Geste
4546,-17,-17
4547,-248,-248
4548,643,643
4549,442,442
4550,760,Forme
4551,-704,-704
4552,-557,-557
4553,-556,-556
4554,149,149
4555,309,Geste
4556,871,871
4557,32,32
4558,-809,-809
4559,607,607
4560,757,757
4561,309,Geste
4562,-18,Geste
4563,-4,-4
4564,-373,-373
4565,-611,-611
4566,662,662
4567,178,178
4568,691,691
4569,958,958
4570,-757,-757
4571,773,773
4572,-477,Geste
4573,-674,-674
4574,553,553
4575,298,298
4576,428,428
4577,280,Forme
4578,-185,Forme
4579,598,598
4580,-614,-614
4581,874,874
4582,-505,Forme
4583,-645,GestForm
4584,976,976
4585,223,223
4586,388,388
4587,-281,-281
4588,-751,-751
4589,-661,-661
4590,-114,Geste
4591,731,731
4592,-220,Forme
4593,96,Geste
4594,233,233
4595,-41,-41
4596,-224,-224
4597,548,548
4598,400,Forme
4599,132,Geste
4600,426,Geste
4601,-226,-226
4602,-412,-412
4603,504,Geste
4604,675,GestForm
4605,-434,-434
4606,-811,-811
4607,404,404
4608,-512,-512
4609,591,Geste
4610,483,Geste
4611,298,298
4612,615,GestForm
4613,-933,Geste
4614,-675,GestForm
4615,-330,GestForm
4616,-968,-968
4617,150,GestForm
4618,-261,Geste
4619,869,869
4620,-494,-494
4621,929,929
4622,-124,-124
4623,-119,-119
4624,-86,-86
4625,780,GestForm
4626,759,Geste
4627,-832,-832
4628,-148,-148
4629,556,556
4630,-897,Geste
4631,905,Forme
4632,133,133
4633,860,Forme
4634,-182,-182
4635,476,476
4636,321,Geste
4637,-947,-947
4638,-406,-406
4639,418,418
4640,-730,Forme
4641,-789,Geste
4642,830,Forme
4643,-3,Geste
4644,-36,Geste
4645,-520,Forme
4646,-98,-98
4647,20,Forme
4648,355,Forme
4649,544,544
4650,640,Forme
4651,-919,-919
4652,-563,-563
4653,-367,-367
4654,178,178
4655,-940,Forme
4656,-181,-181
4657,777,Geste
4658,831,Geste
4659,707,707
4660,197,197
4661,284,284
4662,703,703
4663,-415,Forme
4664,861,Geste
4665,-955,Forme
4666,970,Forme
4667,-145,Forme
4668,-591,Geste
4669,196,196
4670,-885,GestForm
4671,-636,Geste
4672,-320,Forme
4673,-815,Forme
4674,-41,-41
4675,802,802
4676,-832,-832
4677,-234,Geste
4678,-518,-518
4679,30,GestForm
4680,-922,-922
4681,-406,-406
4682,121,121
4683,-559,-559
4684,787,787
4685,611,611
4686,181,181
4687,210,GestForm
4688,-112,-112
4689,-282,Geste
4690,-9,Geste
4691,-297,Geste
4692,-664,-664
4693,-749,-749
4694,-880,Forme
4695,491,491
4696,-626,-626
4697,-325,Forme
4698,215,Forme
4699,-984,Geste
4700,920,Forme
4701,413,413
4702,-961,-961
4703,315,GestForm
4704,436,436
4705,660,GestForm
4706,401,401
4707,376,376
4708,668,668
4709,817,817
4710,-691,-691
4711,-540,GestForm
4712,-546,Geste
4713,888,Geste
4714,-891,Geste
4715,837,Geste
4716,915,GestForm
4717,-110,Forme
4718,-641,-641
4719,321,Geste
4720,742,742
4721,-932,-932
4722,234,Geste
4723,-340,Forme
4724,52,52
4725,-275,Forme
4726,66,Geste
4727,78,Geste
4728,-182,-182
4729,-615,GestForm
4730,-43,-43
4731,-841,-841
4732,-366,Geste
4733,-488,-488
4734,-648,Geste
4735,966,Geste
4736,-419,-419
4737,190,Forme
4738,-314,-314
4739,122,122
4740,131,131
4741,-545,Forme
4742,-442,-442
4743,-317,-317
4744,576,Geste
4745,-133,-133
4746,-210,GestForm
4747,-783,Geste
4748,130,Forme
4749,-180,GestForm
4750,901,901
4751,641,641
4752,195,GestForm
4753,-706,-706
4754,244,244
4755,111,Geste
4756,309,Geste
4757,312,Geste
4758,-392,-392
4759,217,217
4760,-488,-488
4761,-908,-908
4762,-268,-268
4763,344,344
4764,-746,-746
4765,-704,-704
4766,-435,GestForm
4767,-1,-1
4768,-796,-796
4769,-211,-211
4770,78,Geste
4771,280,Forme
4772,792,Geste
4773,435,GestForm
4774,-431,-431
4775,-375,GestForm
4776,-125,Forme
4777,963,Geste
4778,529,529
4779,-934,-934
4780,-217,-217
4781,-877,-877
4782,81,Geste
4783,-152,-152
4784,291,Geste
4785,680,Forme
4786,385,Forme
4787,890,Forme
4788,311,311
4789,512,512
4790,64,64
4791,892,892
4792,-415,Forme
4793,-814,-814
4794,-879,Geste
4795,360,GestForm
4796,719,719
4797,-538,-538
4798,-166,-166
4799,-615,GestForm
4800,950,Forme
4801,-271,-271
4802,-927,Geste
4803,-323,-323
4804,131,131
4805,391,391
4806,429,Geste
4807,196,196
4808,61,61
4809,450,GestForm
4810,-337,-337
4811,-730,Forme
4812,-700,Forme
4813,368,368
4814,-958,-958
4815,-211,-211
4816,-643,-643
4817,-177,Geste
4818,-918,Geste
4819,29,29
4820,231,Geste
4821,-999,Geste
4822,-21,Geste
4823,-664,-664
4824,907,907
4825,450,GestForm
4826,-49,-49
4827,701,701
4828,263,263
4829,-729,Geste
4830,-691,-691
4831,13,13
4832,922,922
4833,-613,-613
4834,-65,Forme
4835,806,806
4836,540,GestForm
4837,-670,Forme
4838,859,859
4839,247,247
4840,238,238
4841,-348,Geste
4842,-11,-11
4843,-57,Geste
4844,-320,Forme
4845,-232,-232
4846,110,Forme
4847,174,Geste
4848,-647,-647
4849,-152,-152
4850,-679,-679
4851,927,Geste
4852,502,502
4853,29,29
4854,859,859
4855,-750,GestForm
4856,-160,Forme
4857,297,Geste
4858,527,527
4859,-179,-179
4860,-709,-709
4861,-570,GestForm
4862,-316,-316
4863,-194,-194
4864,-26,-26
4865,989,989
4866,226,226
4867,865,Forme
4868,-586,-586
4869,-224,-224
4870,249,Geste
4871,379,379
4872,-129,Geste
4873,275,Forme
4874,-430,Forme
4875,-247,-247
4876,994,994
4877,-273,Geste
4878,583,583
4879,30,GestForm
4880,-488,-488
4881,-168,Geste
4882,-110,Forme
4883,17,17
4884,630,GestForm
4885,-228,Geste
4886,760,Forme
4887,340,Forme
4888,-392,-392
4889,-829,-829
4890,-260,Forme
4891,973,973
4892,-382,-382
4893,-524,-524
4894,844,844
4895,-22,-22
4896,22,22
4897,174,Geste
4898,-749,-749
4899,-638,-638
4900,925,Forme
4901,367,367
4902,-3,Geste
4903,-605,Forme
4904,301,301
4905,38,38
4906,79,79
4907,-757,-757
4908,568,568
4909,-781,-781
4910,-812,-812
4911,-177,Geste
4912,748,748
4913,653,653
4914,504,Geste
4915,-618,Geste
4916,-771,Geste
4917,-834,Geste
4918,793,793
4919,-122,-122
4920,6,Geste
4921,-818,-818
4922,-682,-682
4923,873,Geste
4924,-149,-149
4925,32,32
4926,-230,Forme
4927,18,Geste
4928,-38,-38
4929,-719,-719
4930,-90,GestForm
4931,-296,-296
4932,58,58
4933,880,Forme
4934,726,Geste
4935,548,548
4936,243,Geste
4937,-429,Geste
4938,976,976
4939,-917,-917
4940,568,568
4941,-233,-233
4942,-509,-509
4943,-217,-217
4944,800,Forme
4945,855,GestForm
4946,187,187
4947,133,133
4948,956,956
4949,-394,-394
4950,857,857
4951,881,881
4952,182,182
4953,-931,-931
4954,-982,-982
4955,724,724
4956,97,97
4957,-180,GestForm
4958,638,638
4959,53,53
4960,388,388
4961,968,968
4962,-804,Geste
4963,-345,GestForm
4964,11,11
4965,512,512
4966,-780,GestForm
4967,-738,Geste
4968,-665,Forme
4969,237,Geste
4970,896,896
4971,164,164
4972,495,GestForm
4973,-729,Geste
4974,351,Geste
4975,-28,-28
4976,-357,Geste
4977,-721,-721
4978,504,Geste
4979,-957,Geste
4980,-916,-916
4981,-346,-346
4982,-11,-11
4983,291,Geste
4984,-63,Geste
4985,-740,Forme
4986,767,767
4987,933,Geste
4988,-846,Geste
4989,378,Geste
4990,-541,-541
4991,775,Forme
4992,-893,-893
4993,989,989
4994,472,472
4995,-40,Forme
4996,615,GestForm
4997,-72,Geste
4998,-800,Forme
4999,28,28
5000,-592,-592
5001,242,242
5002,955,Forme
5003,448,448
5004,-319,-319
5005,-525,GestForm
5006,512,512
5007,-9,Geste
5008,147,Geste
5009,925,Forme
5010,-792,Geste
5011,782,782
5012,952,952
5013,344,344
5014,248,248
5015,579,Geste
5016,815,Forme
5017,-728,-728
5018,70,Forme
5019,-350,Forme
5020,-42,Geste
5021,-364,-364
5022,457,457
5023,-886,-886
5024,329,329
5025,-240,GestForm
5026,-745,Forme
5027,-30,GestForm
5028,60,GestForm
5029,-172,-172
5030,-574,-574
5031,-220,Forme
5032,-694,-694
5033,-319,-319
5034,293,293
5035,726,Geste
5036,162,Geste
5037,-97,-97
5038,262,262
5039,-235,Forme
5040,-536,-536
5041,528,Geste
5042,317,317
5043,-969,Geste
5044,-953,-953
5045,-652,-652
5046,-580,Forme
5047,33,Geste
5048,521,521
5049,950,Forme
5050,-214,-214
5051,-125,Forme
5052,-394,-394
5053,789,Geste
5054,-323,-323
5055,748,748
5056,-321,Geste
5057,-708,Geste
5058,-962,-962
5059,370,Forme
5060,197,197
5061,-671,-671
5062,916,916
5063,152,152
5064,312,Geste
5065,-570,GestForm
5066,49,49
5067,676,676
5068,323,323
5069,338,338
5070,730,Forme
5071,111,Geste
5072,-706,-706
5073,-602,-602
5074,-660,GestForm
5075,478,478
5076,-307,-307
5077,868,868
5078,704,704
5079,996,Geste
5080,-644,-644
5081,57,Geste
5082,-90,GestForm
5083,-96,Geste
5084,436,436
5085,-210,GestForm
5086,870,GestForm
5087,580,Forme
5088,-23,-23
5089,383,383
5090,725,Forme
5091,-567,Geste
5092,272,272
5093,677,677
5094,211,211
5095,-810,GestForm
5096,-898,-898
5097,395,Forme
5098,-248,-248
5099,382,382
5100,755,Forme
5101,134,134
5102,-757,-757
5103,-11,-11
5104,-749,-749
5105,-727,-727
5106,-485,Forme
5107,747,Geste
5108,106,106
5109,248,248
5110,405,GestForm
5111,994,994
5112,-143,-143
5113,-925,Forme
5114,99,Geste
5115,-542,-542
5116,883,883
5117,-70,Forme
5118,-645,GestForm
5119,-744,Geste
5120,298,298
5121,841,841
5122,114,Geste
5123,-858,Geste
5124,-214,-214
5125,809,809
5126,619,619
5127,-350,Forme
5128,-78,Geste
5129,-563,-563
5130,268,268
5131,597,Geste
5132,472,472
5133,992,992
5134,201,Geste
5135,-806,-806
5136,875,Forme
5137,-499,-499
5138,-520,Forme
5139,-58,-58
5140,-978,Geste
5141,693,Geste
5142,-977,-977
5143,709,709
5144,64,64
5145,509,509
5146,671,671
5147,-584,-584
5148,-924,Geste
5149,-102,Geste
5150,-97,-97
5151,-133,-133
5152,576,Geste
5153,872,872
5154,981,Geste
5155,129,Geste
5156,-988,-988
5157,415,Forme
5158,486,Geste
5159,720,GestForm
5160,245,Forme
5161,-591,Geste
5162,-586,-586
5163,-116,-116
5164,-241,-241
5165,-921,Geste
5166,-483,Geste
5167,980,Forme
5168,-4,-4
5169,588,Geste
5170,86,86
5171,68,68
5172,-944,-944
5173,-852,Geste
5174,-397,-397
5175,165,GestForm
5176,416,416
5177,802,802
5178,-399,Geste
5179,-407,-407
5180,-370,Forme
5181,371,371
5182,329,329
5183,-814,-814
5184,233,233
5185,-350,Forme
5186,-893,-893
5187,-712,-712
5188,230,Forme
5189,-16,-16
5190,616,616
5191,586,586
5192,-509,-509
5193,-448,-448
5194,-151,-151
5195,452,452
5196,245,Forme
5197,-237,Geste
5198,-101,-101
5199,391,391
5200,412,412
5201,445,Forme
5202,53,53
5203,593,593
5204,-870,GestForm
5205,330,GestForm
5206,861,Geste
5207,-402,Geste
5208,-463,-463
5209,248,248
5210,-771,Geste
5211,995,Forme
5212,835,Forme
5213,34,34
5214,-844,-844
5215,798,Geste
5216,593,593
5217,754,754
5218,6,Geste
5219,429,Geste
5220,-525,GestForm
5221,-910,Forme
5222,-672,Geste
5223,96,Geste
5224,667,667
5225,-814,-814
5226,-490,Forme
5227,413,413
5228,-377,-377
5229,703,703
5230,706,706
5231,-807,Geste
5232,518,518
5233,-1,-1
5234,-163,-163
5235,703,703
5236,-460,Forme
5237,-134,-134
5238,-563,-563
5239,360,GestForm
5240,632,632
5241,95,Forme
5242,-182,-182
5243,-991,-991
5244,-630,GestForm
5245,29,29
5246,-51,Geste
5247,-787,-787
5248,100,Forme
5249,772,772
5250,497,497
5251,705,GestForm
5252,857,857
5253,766,766
5254,-15,GestForm
5255,742,742
5256,443,443
5257,337,337
5258,-818,-818
5259,465,GestForm
5260,-571,-571
5261,-989,-989
5262,219,Geste
5263,-116,-116
5264,797,797
5265,-689,-689
5266,710,Forme
5267,-376,-376
5268,-847,-847
5269,-643,-643
5270,-583,-583
5271,652,652
5272,-705,GestForm
5273,-464,-464
5274,993,Geste
5275,104,104
5276,-825,GestForm
5277,792,Geste
5278,186,Geste
5279,835,Forme
5280,991,991
5281,-310,Forme
5282,991,991
5283,412,412
5284,334,334
5285,506,506
5286,993,Geste
5287,55,Forme
5288,272,272
5289,23,23
5290,165,GestForm
5291,-904,-904
5292,-898,-898
5293,76,76
5294,-559,-559
5295,222,Geste
5296,411,Geste
5297,262,262
5298,995,Forme
5299,-993,Geste
5300,-32,-32
5301,528,Geste
5302,946,946
5303,-949,-949
5304,-87,Geste
5305,916,916
5306,884,884
5307,383,383
5308,665,Forme
5309,769,769
5310,941,941
5311,-473,-473
5312,803,803
5313,8,8
5314,397,397
5315,-465,GestForm
5316,-53,-53
5317,-812,-812
5318,873,Geste
5319,-733,-733
5320,-399,Geste
5321,830,Forme
5322,-122,-122
5323,946,946
5324,-331,-331
5325,-929,-929
5326,-512,-512
5327,-398,-398
5328,-535,Forme
5329,-882,Geste
5330,185,Forme
5331,-281,-281
5332,-294,Geste
5333,243,Geste
5334,452,452
5335,728,728
5336,226,226
5337,-385,Forme
5338,-315,GestForm
5339,921,Geste
5340,88,88
5341,-444,Geste
5342,722,722
5343,516,Geste
5344,-247,-247
5345,-949,-949
5346,-538,-538
5347,-796,-796
5348,-878,-878
5349,-69,Geste
5350,-227,-227
5351,-614,-614
5352,-367,-367
5353,249,Geste
5354,265,Forme
5355,-7,-7
5356,855,GestForm
5357,-598,-598
5358,737,737
5359,737,737
5360,86,86
5361,860,Forme
5362,-511,-511
5363,-686,-686
5364,-953,-953
5365,378,Geste
5366,-719,-719
5367,6,Geste
5368,-921,Geste
5369,664,664
5370,69,Geste
5371,-558,Geste
5372,218,218
5373,-628,-628
5374,98,98
5375,162,Geste
5376,532,532
5377,524,524
5378,-220,Forme
5379,-877,-877
5380,959,959
5381,596,596
5382,611,611
5383,-457,-457
5384,82,82
5385,-818,-818
5386,-707,-707
5387,295,Forme
5388,-13,-13
5389,-856,-856
5390,900,GestForm
5391,-443,-443
5392,432,Geste
5393,807,Geste
5394,357,Geste
5395,633,Geste
5396,-749,-749
5397,-924,Geste
5398,41,41
5399,-405,GestForm
5400,-57,Geste
5401,-737,-737
5402,459,Geste
5403,52,52
5404,-546,Geste
5405,139,139
5406,396,Geste
5407,210,GestForm
5408,-917,-917
5409,839,839
5410,-202,-202
5411,709,709
5412,-919,-919
5413,26,26
5414,-499,-499
5415,616,616
5416,-26,-26
5417,-66,Geste
5418,352,352
5419,-498,Geste
5420,-784,-784
5421,-276,Geste
5422,899,899
5423,506,506
5424,-761,-761
5425,-992,-992
5426,-567,Geste
5427,983,983
5428,-805,Forme
5429,697,697
5430,-972,Geste
5431,-324,Geste
5432,-693,Geste
5433,-933,Geste
5434,247,247
5435,-786,Geste
5436,-739,-739
5437,788,788
5438,-157,-157
5439,355,Forme
5440,923,923
5441,-70,Forme
5442,-847,-847
5443,-806,-806
5444,-696,Geste
5445,-311,-311
5446,104,104
5447,183,Geste
5448,-1,-1
5449,422,422
5450,-769,-769
5451,290,Forme
5452,-131,-131
5453,-569,-569
5454,-795,GestForm
5455,622,622
5456,-94,-94
5457,-629,-629
5458,-222,Geste
5459,753,Geste
5460,935,Forme
5461,-393,Geste
5462,776,776
5463,719,719
5464,870,GestForm
5465,-706,-706
5466,689,689
5467,365,Forme
5468,32,32
5469,-389,-389
5470,-795,GestForm
5471,-123,Geste
5472,-731,-731
5473,538,538
5474,-237,Geste
5475,475,Forme
5476,616,616
5477,18,Geste
5478,-813,Geste
5479,-79,-79
5480,-491,-491
5481,-261,Geste
5482,260,Forme
5483,-882,Geste
5484,-378,Geste
5485,-108,Geste
5486,404,404
5487,-565,Forme
5488,579,Geste
5489,-645,GestForm
5490,-355,Forme
5491,994,994
5492,-244,-244
5493,948,Geste
5494,312,Geste
5495,-269,-269
5496,505,Forme
5497,498,Geste
5498,-544,-544
5499,-921,Geste
5500,-518,-518
5501,-977,-977
5502,-87,Geste
5503,-112,-112
5504,485,Forme
5505,-492,Geste
5506,949,949
5507,-677,-677
5508,-820,Forme
5509,-416,-416
5510,748,748
5511,-802,-802
5512,-322,-322
5513,460,Forme
5514,674,674
5515,-314,-314
5516,-537,Geste
5517,-465,GestForm
5518,250,Forme
5519,25,Forme
5520,833,833
5521,-383,-383
5522,256,256
5523,394,394
5524,280,Forme
5525,519,Geste
5526,688,688
5527,-121,-121
5528,-505,Forme
5529,776,776
5530,334,334
5531,539,539
5532,-338,-338
5533,476,476
5534,-378,Geste
5535,-899,-899
5536,462,Geste
5537,567,Geste
5538,353,353
5539,-356,-356
5540,-640,Forme
5541,474,Geste
5542,-38,-38
5543,-246,Geste
5544,-464,-464
5545,-942,Geste
5546,828,Geste
5547,-503,-503
5548,184,184
5549,-980,Forme
5550,159,Geste
5551,117,Geste
5552,55,Forme
5553,349,349
5554,-959,-959
